"","taxa","site","habitat","transect_id","year","n_recruits","recruits_std","bleaching_status"
"1","Acr","LTER1","Back Reef","LTER1_BR_T01",2013,1,1,"Pre"
"2","Acr","LTER1","Back Reef","LTER1_BR_T01",2014,2,2,"Pre"
"3","Acr","LTER1","Back Reef","LTER1_BR_T01",2015,0,0,"Pre"
"4","Acr","LTER1","Back Reef","LTER1_BR_T01",2016,0,0,"Pre"
"5","Acr","LTER1","Back Reef","LTER1_BR_T01",2017,NA,NA,"Pre"
"6","Acr","LTER1","Back Reef","LTER1_BR_T01",2018,1,1,"Pre"
"7","Acr","LTER1","Back Reef","LTER1_BR_T01",2019,2,2,"Post"
"8","Acr","LTER1","Back Reef","LTER1_BR_T01",2020,0,0,"Post"
"9","Acr","LTER1","Back Reef","LTER1_BR_T01",2021,3,3,"Post"
"10","Acr","LTER1","Back Reef","LTER1_BR_T01",2022,0,0,"Post"
"11","Acr","LTER1","Back Reef","LTER1_BR_T01",2023,0,0,"Post"
"12","Acr","LTER1","Back Reef","LTER1_BR_T01",2024,2,2,"Post"
"13","Acr","LTER1","Back Reef","LTER1_BR_T02",2013,0,0,"Pre"
"14","Acr","LTER1","Back Reef","LTER1_BR_T02",2014,0,0,"Pre"
"15","Acr","LTER1","Back Reef","LTER1_BR_T02",2015,0,0,"Pre"
"16","Acr","LTER1","Back Reef","LTER1_BR_T02",2016,0,0,"Pre"
"17","Acr","LTER1","Back Reef","LTER1_BR_T02",2017,NA,NA,"Pre"
"18","Acr","LTER1","Back Reef","LTER1_BR_T02",2018,1,1,"Pre"
"19","Acr","LTER1","Back Reef","LTER1_BR_T02",2019,0,0,"Post"
"20","Acr","LTER1","Back Reef","LTER1_BR_T02",2020,1,1,"Post"
"21","Acr","LTER1","Back Reef","LTER1_BR_T02",2021,0,0,"Post"
"22","Acr","LTER1","Back Reef","LTER1_BR_T02",2022,1,1,"Post"
"23","Acr","LTER1","Back Reef","LTER1_BR_T02",2023,0,0,"Post"
"24","Acr","LTER1","Back Reef","LTER1_BR_T02",2024,1,1,"Post"
"25","Acr","LTER1","Back Reef","LTER1_BR_T03",2013,0,0,"Pre"
"26","Acr","LTER1","Back Reef","LTER1_BR_T03",2014,0,0,"Pre"
"27","Acr","LTER1","Back Reef","LTER1_BR_T03",2015,0,0,"Pre"
"28","Acr","LTER1","Back Reef","LTER1_BR_T03",2016,0,0,"Pre"
"29","Acr","LTER1","Back Reef","LTER1_BR_T03",2017,NA,NA,"Pre"
"30","Acr","LTER1","Back Reef","LTER1_BR_T03",2018,0,0,"Pre"
"31","Acr","LTER1","Back Reef","LTER1_BR_T03",2019,1,1,"Post"
"32","Acr","LTER1","Back Reef","LTER1_BR_T03",2020,0,0,"Post"
"33","Acr","LTER1","Back Reef","LTER1_BR_T03",2021,2,2,"Post"
"34","Acr","LTER1","Back Reef","LTER1_BR_T03",2022,3,3,"Post"
"35","Acr","LTER1","Back Reef","LTER1_BR_T03",2023,0,0,"Post"
"36","Acr","LTER1","Back Reef","LTER1_BR_T03",2024,0,0,"Post"
"37","Acr","LTER1","Back Reef","LTER1_BR_T04",2013,0,0,"Pre"
"38","Acr","LTER1","Back Reef","LTER1_BR_T04",2014,1,1,"Pre"
"39","Acr","LTER1","Back Reef","LTER1_BR_T04",2015,0,0,"Pre"
"40","Acr","LTER1","Back Reef","LTER1_BR_T04",2016,1,1,"Pre"
"41","Acr","LTER1","Back Reef","LTER1_BR_T04",2017,NA,NA,"Pre"
"42","Acr","LTER1","Back Reef","LTER1_BR_T04",2018,0,0,"Pre"
"43","Acr","LTER1","Back Reef","LTER1_BR_T04",2019,0,0,"Post"
"44","Acr","LTER1","Back Reef","LTER1_BR_T04",2020,0,0,"Post"
"45","Acr","LTER1","Back Reef","LTER1_BR_T04",2021,0,0,"Post"
"46","Acr","LTER1","Back Reef","LTER1_BR_T04",2022,2,2,"Post"
"47","Acr","LTER1","Back Reef","LTER1_BR_T04",2023,0,0,"Post"
"48","Acr","LTER1","Back Reef","LTER1_BR_T04",2024,1,1,"Post"
"49","Acr","LTER1","Fore Reef","LTER1_OR_T01",2013,6,6,"Pre"
"50","Acr","LTER1","Fore Reef","LTER1_OR_T01",2014,2,2,"Pre"
"51","Acr","LTER1","Fore Reef","LTER1_OR_T01",2015,3,3,"Pre"
"52","Acr","LTER1","Fore Reef","LTER1_OR_T01",2016,3,3,"Pre"
"53","Acr","LTER1","Fore Reef","LTER1_OR_T01",2017,NA,NA,"Pre"
"54","Acr","LTER1","Fore Reef","LTER1_OR_T01",2018,7,7,"Pre"
"55","Acr","LTER1","Fore Reef","LTER1_OR_T01",2019,1,1,"Post"
"56","Acr","LTER1","Fore Reef","LTER1_OR_T01",2020,4,4,"Post"
"57","Acr","LTER1","Fore Reef","LTER1_OR_T01",2021,1,1,"Post"
"58","Acr","LTER1","Fore Reef","LTER1_OR_T01",2022,0,0,"Post"
"59","Acr","LTER1","Fore Reef","LTER1_OR_T01",2023,1,1,"Post"
"60","Acr","LTER1","Fore Reef","LTER1_OR_T01",2024,0,0,"Post"
"61","Acr","LTER1","Fore Reef","LTER1_OR_T02",2013,4,4,"Pre"
"62","Acr","LTER1","Fore Reef","LTER1_OR_T02",2014,3,3,"Pre"
"63","Acr","LTER1","Fore Reef","LTER1_OR_T02",2015,2,2,"Pre"
"64","Acr","LTER1","Fore Reef","LTER1_OR_T02",2016,2,2,"Pre"
"65","Acr","LTER1","Fore Reef","LTER1_OR_T02",2017,NA,NA,"Pre"
"66","Acr","LTER1","Fore Reef","LTER1_OR_T02",2018,0,0,"Pre"
"67","Acr","LTER1","Fore Reef","LTER1_OR_T02",2019,0,0,"Post"
"68","Acr","LTER1","Fore Reef","LTER1_OR_T02",2020,0,0,"Post"
"69","Acr","LTER1","Fore Reef","LTER1_OR_T02",2021,0,0,"Post"
"70","Acr","LTER1","Fore Reef","LTER1_OR_T02",2022,1,1,"Post"
"71","Acr","LTER1","Fore Reef","LTER1_OR_T02",2023,0,0,"Post"
"72","Acr","LTER1","Fore Reef","LTER1_OR_T02",2024,1,1,"Post"
"73","Acr","LTER1","Fore Reef","LTER1_OR_T03",2013,2,2,"Pre"
"74","Acr","LTER1","Fore Reef","LTER1_OR_T03",2014,0,0,"Pre"
"75","Acr","LTER1","Fore Reef","LTER1_OR_T03",2015,1,1,"Pre"
"76","Acr","LTER1","Fore Reef","LTER1_OR_T03",2016,1,1,"Pre"
"77","Acr","LTER1","Fore Reef","LTER1_OR_T03",2017,NA,NA,"Pre"
"78","Acr","LTER1","Fore Reef","LTER1_OR_T03",2018,4,4,"Pre"
"79","Acr","LTER1","Fore Reef","LTER1_OR_T03",2019,0,0,"Post"
"80","Acr","LTER1","Fore Reef","LTER1_OR_T03",2020,1,1,"Post"
"81","Acr","LTER1","Fore Reef","LTER1_OR_T03",2021,0,0,"Post"
"82","Acr","LTER1","Fore Reef","LTER1_OR_T03",2022,1,1,"Post"
"83","Acr","LTER1","Fore Reef","LTER1_OR_T03",2023,0,0,"Post"
"84","Acr","LTER1","Fore Reef","LTER1_OR_T03",2024,0,0,"Post"
"85","Acr","LTER1","Fore Reef","LTER1_OR_T04",2013,7,7,"Pre"
"86","Acr","LTER1","Fore Reef","LTER1_OR_T04",2014,2,2,"Pre"
"87","Acr","LTER1","Fore Reef","LTER1_OR_T04",2015,1,1,"Pre"
"88","Acr","LTER1","Fore Reef","LTER1_OR_T04",2016,0,0,"Pre"
"89","Acr","LTER1","Fore Reef","LTER1_OR_T04",2017,NA,NA,"Pre"
"90","Acr","LTER1","Fore Reef","LTER1_OR_T04",2018,3,3,"Pre"
"91","Acr","LTER1","Fore Reef","LTER1_OR_T04",2019,0,0,"Post"
"92","Acr","LTER1","Fore Reef","LTER1_OR_T04",2020,0,0,"Post"
"93","Acr","LTER1","Fore Reef","LTER1_OR_T04",2021,0,0,"Post"
"94","Acr","LTER1","Fore Reef","LTER1_OR_T04",2022,0,0,"Post"
"95","Acr","LTER1","Fore Reef","LTER1_OR_T04",2023,0,0,"Post"
"96","Acr","LTER1","Fore Reef","LTER1_OR_T04",2024,0,0,"Post"
"97","Acr","LTER2","Back Reef","LTER2_BR_T01",2013,1,1,"Pre"
"98","Acr","LTER2","Back Reef","LTER2_BR_T01",2014,0,0,"Pre"
"99","Acr","LTER2","Back Reef","LTER2_BR_T01",2015,0,0,"Pre"
"100","Acr","LTER2","Back Reef","LTER2_BR_T01",2016,0,0,"Pre"
"101","Acr","LTER2","Back Reef","LTER2_BR_T01",2017,NA,NA,"Pre"
"102","Acr","LTER2","Back Reef","LTER2_BR_T01",2018,0,0,"Pre"
"103","Acr","LTER2","Back Reef","LTER2_BR_T01",2019,1,1,"Post"
"104","Acr","LTER2","Back Reef","LTER2_BR_T01",2020,1,1,"Post"
"105","Acr","LTER2","Back Reef","LTER2_BR_T01",2021,0,0,"Post"
"106","Acr","LTER2","Back Reef","LTER2_BR_T01",2022,1,1,"Post"
"107","Acr","LTER2","Back Reef","LTER2_BR_T01",2023,0,0,"Post"
"108","Acr","LTER2","Back Reef","LTER2_BR_T01",2024,0,0,"Post"
"109","Acr","LTER2","Back Reef","LTER2_BR_T02",2013,0,0,"Pre"
"110","Acr","LTER2","Back Reef","LTER2_BR_T02",2014,5,5,"Pre"
"111","Acr","LTER2","Back Reef","LTER2_BR_T02",2015,0,0,"Pre"
"112","Acr","LTER2","Back Reef","LTER2_BR_T02",2016,0,0,"Pre"
"113","Acr","LTER2","Back Reef","LTER2_BR_T02",2017,NA,NA,"Pre"
"114","Acr","LTER2","Back Reef","LTER2_BR_T02",2018,1,1,"Pre"
"115","Acr","LTER2","Back Reef","LTER2_BR_T02",2019,1,1,"Post"
"116","Acr","LTER2","Back Reef","LTER2_BR_T02",2020,1,1,"Post"
"117","Acr","LTER2","Back Reef","LTER2_BR_T02",2021,0,0,"Post"
"118","Acr","LTER2","Back Reef","LTER2_BR_T02",2022,0,0,"Post"
"119","Acr","LTER2","Back Reef","LTER2_BR_T02",2023,0,0,"Post"
"120","Acr","LTER2","Back Reef","LTER2_BR_T02",2024,0,0,"Post"
"121","Acr","LTER2","Back Reef","LTER2_BR_T03",2013,0,0,"Pre"
"122","Acr","LTER2","Back Reef","LTER2_BR_T03",2014,0,0,"Pre"
"123","Acr","LTER2","Back Reef","LTER2_BR_T03",2015,0,0,"Pre"
"124","Acr","LTER2","Back Reef","LTER2_BR_T03",2016,0,0,"Pre"
"125","Acr","LTER2","Back Reef","LTER2_BR_T03",2017,NA,NA,"Pre"
"126","Acr","LTER2","Back Reef","LTER2_BR_T03",2018,1,1,"Pre"
"127","Acr","LTER2","Back Reef","LTER2_BR_T03",2019,0,0,"Post"
"128","Acr","LTER2","Back Reef","LTER2_BR_T03",2020,0,0,"Post"
"129","Acr","LTER2","Back Reef","LTER2_BR_T03",2021,0,0,"Post"
"130","Acr","LTER2","Back Reef","LTER2_BR_T03",2022,0,0,"Post"
"131","Acr","LTER2","Back Reef","LTER2_BR_T03",2023,0,0,"Post"
"132","Acr","LTER2","Back Reef","LTER2_BR_T03",2024,0,0,"Post"
"133","Acr","LTER2","Back Reef","LTER2_BR_T04",2013,0,0,"Pre"
"134","Acr","LTER2","Back Reef","LTER2_BR_T04",2014,0,0,"Pre"
"135","Acr","LTER2","Back Reef","LTER2_BR_T04",2015,1,1,"Pre"
"136","Acr","LTER2","Back Reef","LTER2_BR_T04",2016,1,1,"Pre"
"137","Acr","LTER2","Back Reef","LTER2_BR_T04",2017,NA,NA,"Pre"
"138","Acr","LTER2","Back Reef","LTER2_BR_T04",2018,0,0,"Pre"
"139","Acr","LTER2","Back Reef","LTER2_BR_T04",2019,1,1,"Post"
"140","Acr","LTER2","Back Reef","LTER2_BR_T04",2020,0,0,"Post"
"141","Acr","LTER2","Back Reef","LTER2_BR_T04",2021,0,0,"Post"
"142","Acr","LTER2","Back Reef","LTER2_BR_T04",2022,0,0,"Post"
"143","Acr","LTER2","Back Reef","LTER2_BR_T04",2023,0,0,"Post"
"144","Acr","LTER2","Back Reef","LTER2_BR_T04",2024,0,0,"Post"
"145","Acr","LTER2","Fore Reef","LTER2_OR_T01",2013,4,4,"Pre"
"146","Acr","LTER2","Fore Reef","LTER2_OR_T01",2014,0,0,"Pre"
"147","Acr","LTER2","Fore Reef","LTER2_OR_T01",2015,0,0,"Pre"
"148","Acr","LTER2","Fore Reef","LTER2_OR_T01",2016,6,6,"Pre"
"149","Acr","LTER2","Fore Reef","LTER2_OR_T01",2017,NA,NA,"Pre"
"150","Acr","LTER2","Fore Reef","LTER2_OR_T01",2018,5,5,"Pre"
"151","Acr","LTER2","Fore Reef","LTER2_OR_T01",2019,0,0,"Post"
"152","Acr","LTER2","Fore Reef","LTER2_OR_T01",2020,4,4,"Post"
"153","Acr","LTER2","Fore Reef","LTER2_OR_T01",2021,2,2,"Post"
"154","Acr","LTER2","Fore Reef","LTER2_OR_T01",2022,1,1,"Post"
"155","Acr","LTER2","Fore Reef","LTER2_OR_T01",2023,2,2,"Post"
"156","Acr","LTER2","Fore Reef","LTER2_OR_T01",2024,0,0,"Post"
"157","Acr","LTER2","Fore Reef","LTER2_OR_T02",2013,3,3,"Pre"
"158","Acr","LTER2","Fore Reef","LTER2_OR_T02",2014,0,0,"Pre"
"159","Acr","LTER2","Fore Reef","LTER2_OR_T02",2015,3,3,"Pre"
"160","Acr","LTER2","Fore Reef","LTER2_OR_T02",2016,4,4,"Pre"
"161","Acr","LTER2","Fore Reef","LTER2_OR_T02",2017,NA,NA,"Pre"
"162","Acr","LTER2","Fore Reef","LTER2_OR_T02",2018,4,4,"Pre"
"163","Acr","LTER2","Fore Reef","LTER2_OR_T02",2019,0,0,"Post"
"164","Acr","LTER2","Fore Reef","LTER2_OR_T02",2020,2,2,"Post"
"165","Acr","LTER2","Fore Reef","LTER2_OR_T02",2021,2,2,"Post"
"166","Acr","LTER2","Fore Reef","LTER2_OR_T02",2022,0,0,"Post"
"167","Acr","LTER2","Fore Reef","LTER2_OR_T02",2023,1,1,"Post"
"168","Acr","LTER2","Fore Reef","LTER2_OR_T02",2024,0,0,"Post"
"169","Acr","LTER2","Fore Reef","LTER2_OR_T03",2013,1,1,"Pre"
"170","Acr","LTER2","Fore Reef","LTER2_OR_T03",2014,4,4,"Pre"
"171","Acr","LTER2","Fore Reef","LTER2_OR_T03",2015,2,2,"Pre"
"172","Acr","LTER2","Fore Reef","LTER2_OR_T03",2016,0,0,"Pre"
"173","Acr","LTER2","Fore Reef","LTER2_OR_T03",2017,NA,NA,"Pre"
"174","Acr","LTER2","Fore Reef","LTER2_OR_T03",2018,6,6,"Pre"
"175","Acr","LTER2","Fore Reef","LTER2_OR_T03",2019,1,1,"Post"
"176","Acr","LTER2","Fore Reef","LTER2_OR_T03",2020,4,4,"Post"
"177","Acr","LTER2","Fore Reef","LTER2_OR_T03",2021,2,2,"Post"
"178","Acr","LTER2","Fore Reef","LTER2_OR_T03",2022,1,1,"Post"
"179","Acr","LTER2","Fore Reef","LTER2_OR_T03",2023,2,2,"Post"
"180","Acr","LTER2","Fore Reef","LTER2_OR_T03",2024,0,0,"Post"
"181","Acr","LTER2","Fore Reef","LTER2_OR_T04",2013,9,9,"Pre"
"182","Acr","LTER2","Fore Reef","LTER2_OR_T04",2014,1,1,"Pre"
"183","Acr","LTER2","Fore Reef","LTER2_OR_T04",2015,3,3,"Pre"
"184","Acr","LTER2","Fore Reef","LTER2_OR_T04",2016,1,1,"Pre"
"185","Acr","LTER2","Fore Reef","LTER2_OR_T04",2017,NA,NA,"Pre"
"186","Acr","LTER2","Fore Reef","LTER2_OR_T04",2018,1,1,"Pre"
"187","Acr","LTER2","Fore Reef","LTER2_OR_T04",2019,2,2,"Post"
"188","Acr","LTER2","Fore Reef","LTER2_OR_T04",2020,0,0,"Post"
"189","Acr","LTER2","Fore Reef","LTER2_OR_T04",2021,3,3,"Post"
"190","Acr","LTER2","Fore Reef","LTER2_OR_T04",2022,0,0,"Post"
"191","Acr","LTER2","Fore Reef","LTER2_OR_T04",2023,0,0,"Post"
"192","Acr","LTER2","Fore Reef","LTER2_OR_T04",2024,0,0,"Post"
"193","Acr","LTER4","Back Reef","LTER4_BR_T01",2013,1,1,"Pre"
"194","Acr","LTER4","Back Reef","LTER4_BR_T01",2014,0,0,"Pre"
"195","Acr","LTER4","Back Reef","LTER4_BR_T01",2015,0,0,"Pre"
"196","Acr","LTER4","Back Reef","LTER4_BR_T01",2016,0,0,"Pre"
"197","Acr","LTER4","Back Reef","LTER4_BR_T01",2017,NA,NA,"Pre"
"198","Acr","LTER4","Back Reef","LTER4_BR_T01",2018,1,1,"Pre"
"199","Acr","LTER4","Back Reef","LTER4_BR_T01",2019,3,3,"Post"
"200","Acr","LTER4","Back Reef","LTER4_BR_T01",2020,0,0,"Post"
"201","Acr","LTER4","Back Reef","LTER4_BR_T01",2021,2,2,"Post"
"202","Acr","LTER4","Back Reef","LTER4_BR_T01",2022,1,1,"Post"
"203","Acr","LTER4","Back Reef","LTER4_BR_T01",2023,4,4,"Post"
"204","Acr","LTER4","Back Reef","LTER4_BR_T01",2024,0,0,"Post"
"205","Acr","LTER4","Back Reef","LTER4_BR_T02",2013,1,1,"Pre"
"206","Acr","LTER4","Back Reef","LTER4_BR_T02",2014,1,1,"Pre"
"207","Acr","LTER4","Back Reef","LTER4_BR_T02",2015,0,0,"Pre"
"208","Acr","LTER4","Back Reef","LTER4_BR_T02",2016,1,1,"Pre"
"209","Acr","LTER4","Back Reef","LTER4_BR_T02",2017,NA,NA,"Pre"
"210","Acr","LTER4","Back Reef","LTER4_BR_T02",2018,2,2,"Pre"
"211","Acr","LTER4","Back Reef","LTER4_BR_T02",2019,2,2,"Post"
"212","Acr","LTER4","Back Reef","LTER4_BR_T02",2020,1,1,"Post"
"213","Acr","LTER4","Back Reef","LTER4_BR_T02",2021,2,2,"Post"
"214","Acr","LTER4","Back Reef","LTER4_BR_T02",2022,2,2,"Post"
"215","Acr","LTER4","Back Reef","LTER4_BR_T02",2023,3,3,"Post"
"216","Acr","LTER4","Back Reef","LTER4_BR_T02",2024,1,1,"Post"
"217","Acr","LTER4","Back Reef","LTER4_BR_T03",2013,3,3,"Pre"
"218","Acr","LTER4","Back Reef","LTER4_BR_T03",2014,0,0,"Pre"
"219","Acr","LTER4","Back Reef","LTER4_BR_T03",2015,2,2,"Pre"
"220","Acr","LTER4","Back Reef","LTER4_BR_T03",2016,6,6,"Pre"
"221","Acr","LTER4","Back Reef","LTER4_BR_T03",2017,NA,NA,"Pre"
"222","Acr","LTER4","Back Reef","LTER4_BR_T03",2018,1,1,"Pre"
"223","Acr","LTER4","Back Reef","LTER4_BR_T03",2019,1,1,"Post"
"224","Acr","LTER4","Back Reef","LTER4_BR_T03",2020,0,0,"Post"
"225","Acr","LTER4","Back Reef","LTER4_BR_T03",2021,0,0,"Post"
"226","Acr","LTER4","Back Reef","LTER4_BR_T03",2022,1,1,"Post"
"227","Acr","LTER4","Back Reef","LTER4_BR_T03",2023,3,3,"Post"
"228","Acr","LTER4","Back Reef","LTER4_BR_T03",2024,2,2,"Post"
"229","Acr","LTER4","Back Reef","LTER4_BR_T04",2013,0,0,"Pre"
"230","Acr","LTER4","Back Reef","LTER4_BR_T04",2014,1,1,"Pre"
"231","Acr","LTER4","Back Reef","LTER4_BR_T04",2015,0,0,"Pre"
"232","Acr","LTER4","Back Reef","LTER4_BR_T04",2016,0,0,"Pre"
"233","Acr","LTER4","Back Reef","LTER4_BR_T04",2017,NA,NA,"Pre"
"234","Acr","LTER4","Back Reef","LTER4_BR_T04",2018,0,0,"Pre"
"235","Acr","LTER4","Back Reef","LTER4_BR_T04",2019,0,0,"Post"
"236","Acr","LTER4","Back Reef","LTER4_BR_T04",2020,0,0,"Post"
"237","Acr","LTER4","Back Reef","LTER4_BR_T04",2021,2,2,"Post"
"238","Acr","LTER4","Back Reef","LTER4_BR_T04",2022,0,0,"Post"
"239","Acr","LTER4","Back Reef","LTER4_BR_T04",2023,3,3,"Post"
"240","Acr","LTER4","Back Reef","LTER4_BR_T04",2024,0,0,"Post"
"241","Acr","LTER4","Fore Reef","LTER4_OR_T01",2013,2,2,"Pre"
"242","Acr","LTER4","Fore Reef","LTER4_OR_T01",2014,10,10,"Pre"
"243","Acr","LTER4","Fore Reef","LTER4_OR_T01",2015,7,7,"Pre"
"244","Acr","LTER4","Fore Reef","LTER4_OR_T01",2016,5,5,"Pre"
"245","Acr","LTER4","Fore Reef","LTER4_OR_T01",2017,NA,NA,"Pre"
"246","Acr","LTER4","Fore Reef","LTER4_OR_T01",2018,6,6,"Pre"
"247","Acr","LTER4","Fore Reef","LTER4_OR_T01",2019,0,0,"Post"
"248","Acr","LTER4","Fore Reef","LTER4_OR_T01",2020,3,3,"Post"
"249","Acr","LTER4","Fore Reef","LTER4_OR_T01",2021,2,2,"Post"
"250","Acr","LTER4","Fore Reef","LTER4_OR_T01",2022,5,5,"Post"
"251","Acr","LTER4","Fore Reef","LTER4_OR_T01",2023,0,0,"Post"
"252","Acr","LTER4","Fore Reef","LTER4_OR_T01",2024,0,0,"Post"
"253","Acr","LTER4","Fore Reef","LTER4_OR_T02",2013,4,4,"Pre"
"254","Acr","LTER4","Fore Reef","LTER4_OR_T02",2014,3,3,"Pre"
"255","Acr","LTER4","Fore Reef","LTER4_OR_T02",2015,3,3,"Pre"
"256","Acr","LTER4","Fore Reef","LTER4_OR_T02",2016,11,11,"Pre"
"257","Acr","LTER4","Fore Reef","LTER4_OR_T02",2017,NA,NA,"Pre"
"258","Acr","LTER4","Fore Reef","LTER4_OR_T02",2018,10,10,"Pre"
"259","Acr","LTER4","Fore Reef","LTER4_OR_T02",2019,1,1,"Post"
"260","Acr","LTER4","Fore Reef","LTER4_OR_T02",2020,5,5,"Post"
"261","Acr","LTER4","Fore Reef","LTER4_OR_T02",2021,5,5,"Post"
"262","Acr","LTER4","Fore Reef","LTER4_OR_T02",2022,3,3,"Post"
"263","Acr","LTER4","Fore Reef","LTER4_OR_T02",2023,2,2,"Post"
"264","Acr","LTER4","Fore Reef","LTER4_OR_T02",2024,0,0,"Post"
"265","Acr","LTER4","Fore Reef","LTER4_OR_T03",2013,3,3,"Pre"
"266","Acr","LTER4","Fore Reef","LTER4_OR_T03",2014,2,2,"Pre"
"267","Acr","LTER4","Fore Reef","LTER4_OR_T03",2015,1,1,"Pre"
"268","Acr","LTER4","Fore Reef","LTER4_OR_T03",2016,5,5,"Pre"
"269","Acr","LTER4","Fore Reef","LTER4_OR_T03",2017,NA,NA,"Pre"
"270","Acr","LTER4","Fore Reef","LTER4_OR_T03",2018,9,9,"Pre"
"271","Acr","LTER4","Fore Reef","LTER4_OR_T03",2019,2,2,"Post"
"272","Acr","LTER4","Fore Reef","LTER4_OR_T03",2020,5,5,"Post"
"273","Acr","LTER4","Fore Reef","LTER4_OR_T03",2021,3,3,"Post"
"274","Acr","LTER4","Fore Reef","LTER4_OR_T03",2022,2,2,"Post"
"275","Acr","LTER4","Fore Reef","LTER4_OR_T03",2023,5,5,"Post"
"276","Acr","LTER4","Fore Reef","LTER4_OR_T03",2024,1,1,"Post"
"277","Acr","LTER4","Fore Reef","LTER4_OR_T04",2013,1,1,"Pre"
"278","Acr","LTER4","Fore Reef","LTER4_OR_T04",2014,3,3,"Pre"
"279","Acr","LTER4","Fore Reef","LTER4_OR_T04",2015,1,1,"Pre"
"280","Acr","LTER4","Fore Reef","LTER4_OR_T04",2016,3,3,"Pre"
"281","Acr","LTER4","Fore Reef","LTER4_OR_T04",2017,NA,NA,"Pre"
"282","Acr","LTER4","Fore Reef","LTER4_OR_T04",2018,9,9,"Pre"
"283","Acr","LTER4","Fore Reef","LTER4_OR_T04",2019,0,0,"Post"
"284","Acr","LTER4","Fore Reef","LTER4_OR_T04",2020,11,11,"Post"
"285","Acr","LTER4","Fore Reef","LTER4_OR_T04",2021,0,0,"Post"
"286","Acr","LTER4","Fore Reef","LTER4_OR_T04",2022,2,2,"Post"
"287","Acr","LTER4","Fore Reef","LTER4_OR_T04",2023,3,3,"Post"
"288","Acr","LTER4","Fore Reef","LTER4_OR_T04",2024,0,0,"Post"
"289","Acr","LTER5","Back Reef","LTER5_BR_T01",2013,0,0,"Pre"
"290","Acr","LTER5","Back Reef","LTER5_BR_T01",2014,0,0,"Pre"
"291","Acr","LTER5","Back Reef","LTER5_BR_T01",2015,0,0,"Pre"
"292","Acr","LTER5","Back Reef","LTER5_BR_T01",2016,0,0,"Pre"
"293","Acr","LTER5","Back Reef","LTER5_BR_T01",2017,NA,NA,"Pre"
"294","Acr","LTER5","Back Reef","LTER5_BR_T01",2018,0,0,"Pre"
"295","Acr","LTER5","Back Reef","LTER5_BR_T01",2019,0,0,"Post"
"296","Acr","LTER5","Back Reef","LTER5_BR_T01",2020,0,0,"Post"
"297","Acr","LTER5","Back Reef","LTER5_BR_T01",2021,0,0,"Post"
"298","Acr","LTER5","Back Reef","LTER5_BR_T01",2022,0,0,"Post"
"299","Acr","LTER5","Back Reef","LTER5_BR_T01",2023,0,0,"Post"
"300","Acr","LTER5","Back Reef","LTER5_BR_T01",2024,0,0,"Post"
"301","Acr","LTER5","Back Reef","LTER5_BR_T02",2013,0,0,"Pre"
"302","Acr","LTER5","Back Reef","LTER5_BR_T02",2014,0,0,"Pre"
"303","Acr","LTER5","Back Reef","LTER5_BR_T02",2015,0,0,"Pre"
"304","Acr","LTER5","Back Reef","LTER5_BR_T02",2016,0,0,"Pre"
"305","Acr","LTER5","Back Reef","LTER5_BR_T02",2017,NA,NA,"Pre"
"306","Acr","LTER5","Back Reef","LTER5_BR_T02",2018,0,0,"Pre"
"307","Acr","LTER5","Back Reef","LTER5_BR_T02",2019,0,0,"Post"
"308","Acr","LTER5","Back Reef","LTER5_BR_T02",2020,0,0,"Post"
"309","Acr","LTER5","Back Reef","LTER5_BR_T02",2021,0,0,"Post"
"310","Acr","LTER5","Back Reef","LTER5_BR_T02",2022,0,0,"Post"
"311","Acr","LTER5","Back Reef","LTER5_BR_T02",2023,0,0,"Post"
"312","Acr","LTER5","Back Reef","LTER5_BR_T02",2024,0,0,"Post"
"313","Acr","LTER5","Back Reef","LTER5_BR_T03",2013,0,0,"Pre"
"314","Acr","LTER5","Back Reef","LTER5_BR_T03",2014,0,0,"Pre"
"315","Acr","LTER5","Back Reef","LTER5_BR_T03",2015,0,0,"Pre"
"316","Acr","LTER5","Back Reef","LTER5_BR_T03",2016,0,0,"Pre"
"317","Acr","LTER5","Back Reef","LTER5_BR_T03",2017,NA,NA,"Pre"
"318","Acr","LTER5","Back Reef","LTER5_BR_T03",2018,1,1,"Pre"
"319","Acr","LTER5","Back Reef","LTER5_BR_T03",2019,1,1,"Post"
"320","Acr","LTER5","Back Reef","LTER5_BR_T03",2020,0,0,"Post"
"321","Acr","LTER5","Back Reef","LTER5_BR_T03",2021,0,0,"Post"
"322","Acr","LTER5","Back Reef","LTER5_BR_T03",2022,0,0,"Post"
"323","Acr","LTER5","Back Reef","LTER5_BR_T03",2023,0,0,"Post"
"324","Acr","LTER5","Back Reef","LTER5_BR_T03",2024,0,0,"Post"
"325","Acr","LTER5","Back Reef","LTER5_BR_T04",2013,0,0,"Pre"
"326","Acr","LTER5","Back Reef","LTER5_BR_T04",2014,1,1,"Pre"
"327","Acr","LTER5","Back Reef","LTER5_BR_T04",2015,0,0,"Pre"
"328","Acr","LTER5","Back Reef","LTER5_BR_T04",2016,0,0,"Pre"
"329","Acr","LTER5","Back Reef","LTER5_BR_T04",2017,NA,NA,"Pre"
"330","Acr","LTER5","Back Reef","LTER5_BR_T04",2018,0,0,"Pre"
"331","Acr","LTER5","Back Reef","LTER5_BR_T04",2019,1,1,"Post"
"332","Acr","LTER5","Back Reef","LTER5_BR_T04",2020,0,0,"Post"
"333","Acr","LTER5","Back Reef","LTER5_BR_T04",2021,1,1,"Post"
"334","Acr","LTER5","Back Reef","LTER5_BR_T04",2022,0,0,"Post"
"335","Acr","LTER5","Back Reef","LTER5_BR_T04",2023,1,1,"Post"
"336","Acr","LTER5","Back Reef","LTER5_BR_T04",2024,0,0,"Post"
"337","Acr","LTER5","Fore Reef","LTER5_OR_T01",2013,1,1,"Pre"
"338","Acr","LTER5","Fore Reef","LTER5_OR_T01",2014,4,4,"Pre"
"339","Acr","LTER5","Fore Reef","LTER5_OR_T01",2015,5,5,"Pre"
"340","Acr","LTER5","Fore Reef","LTER5_OR_T01",2016,8,8,"Pre"
"341","Acr","LTER5","Fore Reef","LTER5_OR_T01",2017,NA,NA,"Pre"
"342","Acr","LTER5","Fore Reef","LTER5_OR_T01",2018,18,18,"Pre"
"343","Acr","LTER5","Fore Reef","LTER5_OR_T01",2019,3,3,"Post"
"344","Acr","LTER5","Fore Reef","LTER5_OR_T01",2020,7,7,"Post"
"345","Acr","LTER5","Fore Reef","LTER5_OR_T01",2021,6,6,"Post"
"346","Acr","LTER5","Fore Reef","LTER5_OR_T01",2022,4,4,"Post"
"347","Acr","LTER5","Fore Reef","LTER5_OR_T01",2023,0,0,"Post"
"348","Acr","LTER5","Fore Reef","LTER5_OR_T01",2024,0,0,"Post"
"349","Acr","LTER5","Fore Reef","LTER5_OR_T02",2013,1,1,"Pre"
"350","Acr","LTER5","Fore Reef","LTER5_OR_T02",2014,3,3,"Pre"
"351","Acr","LTER5","Fore Reef","LTER5_OR_T02",2015,8,8,"Pre"
"352","Acr","LTER5","Fore Reef","LTER5_OR_T02",2016,15,15,"Pre"
"353","Acr","LTER5","Fore Reef","LTER5_OR_T02",2017,NA,NA,"Pre"
"354","Acr","LTER5","Fore Reef","LTER5_OR_T02",2018,11,11,"Pre"
"355","Acr","LTER5","Fore Reef","LTER5_OR_T02",2019,0,0,"Post"
"356","Acr","LTER5","Fore Reef","LTER5_OR_T02",2020,9,9,"Post"
"357","Acr","LTER5","Fore Reef","LTER5_OR_T02",2021,7,7,"Post"
"358","Acr","LTER5","Fore Reef","LTER5_OR_T02",2022,4,4,"Post"
"359","Acr","LTER5","Fore Reef","LTER5_OR_T02",2023,4,4,"Post"
"360","Acr","LTER5","Fore Reef","LTER5_OR_T02",2024,0,0,"Post"
"361","Acr","LTER5","Fore Reef","LTER5_OR_T03",2013,3,3,"Pre"
"362","Acr","LTER5","Fore Reef","LTER5_OR_T03",2014,4,4,"Pre"
"363","Acr","LTER5","Fore Reef","LTER5_OR_T03",2015,11,11,"Pre"
"364","Acr","LTER5","Fore Reef","LTER5_OR_T03",2016,8,8,"Pre"
"365","Acr","LTER5","Fore Reef","LTER5_OR_T03",2017,NA,NA,"Pre"
"366","Acr","LTER5","Fore Reef","LTER5_OR_T03",2018,11,11,"Pre"
"367","Acr","LTER5","Fore Reef","LTER5_OR_T03",2019,1,1,"Post"
"368","Acr","LTER5","Fore Reef","LTER5_OR_T03",2020,3,3,"Post"
"369","Acr","LTER5","Fore Reef","LTER5_OR_T03",2021,6,6,"Post"
"370","Acr","LTER5","Fore Reef","LTER5_OR_T03",2022,3,3,"Post"
"371","Acr","LTER5","Fore Reef","LTER5_OR_T03",2023,4,4,"Post"
"372","Acr","LTER5","Fore Reef","LTER5_OR_T03",2024,0,0,"Post"
"373","Acr","LTER5","Fore Reef","LTER5_OR_T04",2013,0,0,"Pre"
"374","Acr","LTER5","Fore Reef","LTER5_OR_T04",2014,0,0,"Pre"
"375","Acr","LTER5","Fore Reef","LTER5_OR_T04",2015,0,0,"Pre"
"376","Acr","LTER5","Fore Reef","LTER5_OR_T04",2016,0,0,"Pre"
"377","Acr","LTER5","Fore Reef","LTER5_OR_T04",2017,NA,NA,"Pre"
"378","Acr","LTER5","Fore Reef","LTER5_OR_T04",2018,0,0,"Pre"
"379","Acr","LTER5","Fore Reef","LTER5_OR_T04",2019,0,0,"Post"
"380","Acr","LTER5","Fore Reef","LTER5_OR_T04",2020,4,4,"Post"
"381","Acr","LTER5","Fore Reef","LTER5_OR_T04",2021,4,4,"Post"
"382","Acr","LTER5","Fore Reef","LTER5_OR_T04",2022,1,1,"Post"
"383","Acr","LTER5","Fore Reef","LTER5_OR_T04",2023,2,2,"Post"
"384","Acr","LTER5","Fore Reef","LTER5_OR_T04",2024,1,1,"Post"
"385","Mil","LTER1","Back Reef","LTER1_BR_T01",2013,0,0,"Pre"
"386","Mil","LTER1","Back Reef","LTER1_BR_T01",2014,0,0,"Pre"
"387","Mil","LTER1","Back Reef","LTER1_BR_T01",2015,0,0,"Pre"
"388","Mil","LTER1","Back Reef","LTER1_BR_T01",2016,0,0,"Pre"
"389","Mil","LTER1","Back Reef","LTER1_BR_T01",2017,NA,NA,"Pre"
"390","Mil","LTER1","Back Reef","LTER1_BR_T01",2018,0,0,"Pre"
"391","Mil","LTER1","Back Reef","LTER1_BR_T01",2019,0,0,"Post"
"392","Mil","LTER1","Back Reef","LTER1_BR_T01",2020,0,0,"Post"
"393","Mil","LTER1","Back Reef","LTER1_BR_T01",2021,0,0,"Post"
"394","Mil","LTER1","Back Reef","LTER1_BR_T01",2022,2,2,"Post"
"395","Mil","LTER1","Back Reef","LTER1_BR_T01",2023,0,0,"Post"
"396","Mil","LTER1","Back Reef","LTER1_BR_T01",2024,0,0,"Post"
"397","Mil","LTER1","Fore Reef","LTER1_OR_T01",2013,0,0,"Pre"
"398","Mil","LTER1","Fore Reef","LTER1_OR_T01",2014,0,0,"Pre"
"399","Mil","LTER1","Fore Reef","LTER1_OR_T01",2015,0,0,"Pre"
"400","Mil","LTER1","Fore Reef","LTER1_OR_T01",2016,1,1,"Pre"
"401","Mil","LTER1","Fore Reef","LTER1_OR_T01",2017,NA,NA,"Pre"
"402","Mil","LTER1","Fore Reef","LTER1_OR_T01",2018,0,0,"Pre"
"403","Mil","LTER1","Fore Reef","LTER1_OR_T01",2019,0,0,"Post"
"404","Mil","LTER1","Fore Reef","LTER1_OR_T01",2020,0,0,"Post"
"405","Mil","LTER1","Fore Reef","LTER1_OR_T01",2021,0,0,"Post"
"406","Mil","LTER1","Fore Reef","LTER1_OR_T01",2022,0,0,"Post"
"407","Mil","LTER1","Fore Reef","LTER1_OR_T01",2023,0,0,"Post"
"408","Mil","LTER1","Fore Reef","LTER1_OR_T01",2024,0,0,"Post"
"409","Mil","LTER1","Fore Reef","LTER1_OR_T02",2013,3,3,"Pre"
"410","Mil","LTER1","Fore Reef","LTER1_OR_T02",2014,0,0,"Pre"
"411","Mil","LTER1","Fore Reef","LTER1_OR_T02",2015,0,0,"Pre"
"412","Mil","LTER1","Fore Reef","LTER1_OR_T02",2016,0,0,"Pre"
"413","Mil","LTER1","Fore Reef","LTER1_OR_T02",2017,NA,NA,"Pre"
"414","Mil","LTER1","Fore Reef","LTER1_OR_T02",2018,0,0,"Pre"
"415","Mil","LTER1","Fore Reef","LTER1_OR_T02",2019,0,0,"Post"
"416","Mil","LTER1","Fore Reef","LTER1_OR_T02",2020,0,0,"Post"
"417","Mil","LTER1","Fore Reef","LTER1_OR_T02",2021,0,0,"Post"
"418","Mil","LTER1","Fore Reef","LTER1_OR_T02",2022,1,1,"Post"
"419","Mil","LTER1","Fore Reef","LTER1_OR_T02",2023,0,0,"Post"
"420","Mil","LTER1","Fore Reef","LTER1_OR_T02",2024,0,0,"Post"
"421","Mil","LTER1","Fore Reef","LTER1_OR_T03",2013,1,1,"Pre"
"422","Mil","LTER1","Fore Reef","LTER1_OR_T03",2014,0,0,"Pre"
"423","Mil","LTER1","Fore Reef","LTER1_OR_T03",2015,0,0,"Pre"
"424","Mil","LTER1","Fore Reef","LTER1_OR_T03",2016,0,0,"Pre"
"425","Mil","LTER1","Fore Reef","LTER1_OR_T03",2017,NA,NA,"Pre"
"426","Mil","LTER1","Fore Reef","LTER1_OR_T03",2018,0,0,"Pre"
"427","Mil","LTER1","Fore Reef","LTER1_OR_T03",2019,0,0,"Post"
"428","Mil","LTER1","Fore Reef","LTER1_OR_T03",2020,0,0,"Post"
"429","Mil","LTER1","Fore Reef","LTER1_OR_T03",2021,0,0,"Post"
"430","Mil","LTER1","Fore Reef","LTER1_OR_T03",2022,0,0,"Post"
"431","Mil","LTER1","Fore Reef","LTER1_OR_T03",2023,0,0,"Post"
"432","Mil","LTER1","Fore Reef","LTER1_OR_T03",2024,0,0,"Post"
"433","Mil","LTER2","Fore Reef","LTER2_OR_T01",2013,0,0,"Pre"
"434","Mil","LTER2","Fore Reef","LTER2_OR_T01",2014,2,2,"Pre"
"435","Mil","LTER2","Fore Reef","LTER2_OR_T01",2015,0,0,"Pre"
"436","Mil","LTER2","Fore Reef","LTER2_OR_T01",2016,1,1,"Pre"
"437","Mil","LTER2","Fore Reef","LTER2_OR_T01",2017,NA,NA,"Pre"
"438","Mil","LTER2","Fore Reef","LTER2_OR_T01",2018,0,0,"Pre"
"439","Mil","LTER2","Fore Reef","LTER2_OR_T01",2019,0,0,"Post"
"440","Mil","LTER2","Fore Reef","LTER2_OR_T01",2020,0,0,"Post"
"441","Mil","LTER2","Fore Reef","LTER2_OR_T01",2021,0,0,"Post"
"442","Mil","LTER2","Fore Reef","LTER2_OR_T01",2022,4,4,"Post"
"443","Mil","LTER2","Fore Reef","LTER2_OR_T01",2023,0,0,"Post"
"444","Mil","LTER2","Fore Reef","LTER2_OR_T01",2024,0,0,"Post"
"445","Mil","LTER2","Fore Reef","LTER2_OR_T04",2013,0,0,"Pre"
"446","Mil","LTER2","Fore Reef","LTER2_OR_T04",2014,0,0,"Pre"
"447","Mil","LTER2","Fore Reef","LTER2_OR_T04",2015,1,1,"Pre"
"448","Mil","LTER2","Fore Reef","LTER2_OR_T04",2016,1,1,"Pre"
"449","Mil","LTER2","Fore Reef","LTER2_OR_T04",2017,NA,NA,"Pre"
"450","Mil","LTER2","Fore Reef","LTER2_OR_T04",2018,0,0,"Pre"
"451","Mil","LTER2","Fore Reef","LTER2_OR_T04",2019,0,0,"Post"
"452","Mil","LTER2","Fore Reef","LTER2_OR_T04",2020,0,0,"Post"
"453","Mil","LTER2","Fore Reef","LTER2_OR_T04",2021,0,0,"Post"
"454","Mil","LTER2","Fore Reef","LTER2_OR_T04",2022,0,0,"Post"
"455","Mil","LTER2","Fore Reef","LTER2_OR_T04",2023,0,0,"Post"
"456","Mil","LTER2","Fore Reef","LTER2_OR_T04",2024,0,0,"Post"
"457","Mil","LTER4","Fore Reef","LTER4_OR_T01",2013,3,3,"Pre"
"458","Mil","LTER4","Fore Reef","LTER4_OR_T01",2014,2,2,"Pre"
"459","Mil","LTER4","Fore Reef","LTER4_OR_T01",2015,1,1,"Pre"
"460","Mil","LTER4","Fore Reef","LTER4_OR_T01",2016,2,2,"Pre"
"461","Mil","LTER4","Fore Reef","LTER4_OR_T01",2017,NA,NA,"Pre"
"462","Mil","LTER4","Fore Reef","LTER4_OR_T01",2018,0,0,"Pre"
"463","Mil","LTER4","Fore Reef","LTER4_OR_T01",2019,0,0,"Post"
"464","Mil","LTER4","Fore Reef","LTER4_OR_T01",2020,0,0,"Post"
"465","Mil","LTER4","Fore Reef","LTER4_OR_T01",2021,2,2,"Post"
"466","Mil","LTER4","Fore Reef","LTER4_OR_T01",2022,1,1,"Post"
"467","Mil","LTER4","Fore Reef","LTER4_OR_T01",2023,0,0,"Post"
"468","Mil","LTER4","Fore Reef","LTER4_OR_T01",2024,1,1,"Post"
"469","Mil","LTER4","Fore Reef","LTER4_OR_T02",2013,1,1,"Pre"
"470","Mil","LTER4","Fore Reef","LTER4_OR_T02",2014,1,1,"Pre"
"471","Mil","LTER4","Fore Reef","LTER4_OR_T02",2015,0,0,"Pre"
"472","Mil","LTER4","Fore Reef","LTER4_OR_T02",2016,0,0,"Pre"
"473","Mil","LTER4","Fore Reef","LTER4_OR_T02",2017,NA,NA,"Pre"
"474","Mil","LTER4","Fore Reef","LTER4_OR_T02",2018,0,0,"Pre"
"475","Mil","LTER4","Fore Reef","LTER4_OR_T02",2019,0,0,"Post"
"476","Mil","LTER4","Fore Reef","LTER4_OR_T02",2020,0,0,"Post"
"477","Mil","LTER4","Fore Reef","LTER4_OR_T02",2021,3,3,"Post"
"478","Mil","LTER4","Fore Reef","LTER4_OR_T02",2022,1,1,"Post"
"479","Mil","LTER4","Fore Reef","LTER4_OR_T02",2023,0,0,"Post"
"480","Mil","LTER4","Fore Reef","LTER4_OR_T02",2024,0,0,"Post"
"481","Mil","LTER4","Fore Reef","LTER4_OR_T04",2013,3,3,"Pre"
"482","Mil","LTER4","Fore Reef","LTER4_OR_T04",2014,4,4,"Pre"
"483","Mil","LTER4","Fore Reef","LTER4_OR_T04",2015,4,4,"Pre"
"484","Mil","LTER4","Fore Reef","LTER4_OR_T04",2016,2,2,"Pre"
"485","Mil","LTER4","Fore Reef","LTER4_OR_T04",2017,NA,NA,"Pre"
"486","Mil","LTER4","Fore Reef","LTER4_OR_T04",2018,0,0,"Pre"
"487","Mil","LTER4","Fore Reef","LTER4_OR_T04",2019,0,0,"Post"
"488","Mil","LTER4","Fore Reef","LTER4_OR_T04",2020,0,0,"Post"
"489","Mil","LTER4","Fore Reef","LTER4_OR_T04",2021,0,0,"Post"
"490","Mil","LTER4","Fore Reef","LTER4_OR_T04",2022,0,0,"Post"
"491","Mil","LTER4","Fore Reef","LTER4_OR_T04",2023,0,0,"Post"
"492","Mil","LTER4","Fore Reef","LTER4_OR_T04",2024,0,0,"Post"
"493","Mil","LTER5","Fore Reef","LTER5_OR_T01",2013,0,0,"Pre"
"494","Mil","LTER5","Fore Reef","LTER5_OR_T01",2014,1,1,"Pre"
"495","Mil","LTER5","Fore Reef","LTER5_OR_T01",2015,0,0,"Pre"
"496","Mil","LTER5","Fore Reef","LTER5_OR_T01",2016,0,0,"Pre"
"497","Mil","LTER5","Fore Reef","LTER5_OR_T01",2017,NA,NA,"Pre"
"498","Mil","LTER5","Fore Reef","LTER5_OR_T01",2018,0,0,"Pre"
"499","Mil","LTER5","Fore Reef","LTER5_OR_T01",2019,0,0,"Post"
"500","Mil","LTER5","Fore Reef","LTER5_OR_T01",2020,0,0,"Post"
"501","Mil","LTER5","Fore Reef","LTER5_OR_T01",2021,0,0,"Post"
"502","Mil","LTER5","Fore Reef","LTER5_OR_T01",2022,0,0,"Post"
"503","Mil","LTER5","Fore Reef","LTER5_OR_T01",2023,0,0,"Post"
"504","Mil","LTER5","Fore Reef","LTER5_OR_T01",2024,0,0,"Post"
"505","Mil","LTER5","Fore Reef","LTER5_OR_T03",2013,2,2,"Pre"
"506","Mil","LTER5","Fore Reef","LTER5_OR_T03",2014,0,0,"Pre"
"507","Mil","LTER5","Fore Reef","LTER5_OR_T03",2015,0,0,"Pre"
"508","Mil","LTER5","Fore Reef","LTER5_OR_T03",2016,0,0,"Pre"
"509","Mil","LTER5","Fore Reef","LTER5_OR_T03",2017,NA,NA,"Pre"
"510","Mil","LTER5","Fore Reef","LTER5_OR_T03",2018,0,0,"Pre"
"511","Mil","LTER5","Fore Reef","LTER5_OR_T03",2019,0,0,"Post"
"512","Mil","LTER5","Fore Reef","LTER5_OR_T03",2020,0,0,"Post"
"513","Mil","LTER5","Fore Reef","LTER5_OR_T03",2021,1,1,"Post"
"514","Mil","LTER5","Fore Reef","LTER5_OR_T03",2022,0,0,"Post"
"515","Mil","LTER5","Fore Reef","LTER5_OR_T03",2023,0,0,"Post"
"516","Mil","LTER5","Fore Reef","LTER5_OR_T03",2024,0,0,"Post"
"517","Mil","LTER5","Fore Reef","LTER5_OR_T04",2013,0,0,"Pre"
"518","Mil","LTER5","Fore Reef","LTER5_OR_T04",2014,0,0,"Pre"
"519","Mil","LTER5","Fore Reef","LTER5_OR_T04",2015,0,0,"Pre"
"520","Mil","LTER5","Fore Reef","LTER5_OR_T04",2016,0,0,"Pre"
"521","Mil","LTER5","Fore Reef","LTER5_OR_T04",2017,NA,NA,"Pre"
"522","Mil","LTER5","Fore Reef","LTER5_OR_T04",2018,0,0,"Pre"
"523","Mil","LTER5","Fore Reef","LTER5_OR_T04",2019,0,0,"Post"
"524","Mil","LTER5","Fore Reef","LTER5_OR_T04",2020,0,0,"Post"
"525","Mil","LTER5","Fore Reef","LTER5_OR_T04",2021,0,0,"Post"
"526","Mil","LTER5","Fore Reef","LTER5_OR_T04",2022,1,1,"Post"
"527","Mil","LTER5","Fore Reef","LTER5_OR_T04",2023,0,0,"Post"
"528","Mil","LTER5","Fore Reef","LTER5_OR_T04",2024,0,0,"Post"
"529","Poc","LTER1","Back Reef","LTER1_BR_T01",2013,6,6,"Pre"
"530","Poc","LTER1","Back Reef","LTER1_BR_T01",2014,3,3,"Pre"
"531","Poc","LTER1","Back Reef","LTER1_BR_T01",2015,4,4,"Pre"
"532","Poc","LTER1","Back Reef","LTER1_BR_T01",2016,1,1,"Pre"
"533","Poc","LTER1","Back Reef","LTER1_BR_T01",2017,NA,NA,"Pre"
"534","Poc","LTER1","Back Reef","LTER1_BR_T01",2018,7,7,"Pre"
"535","Poc","LTER1","Back Reef","LTER1_BR_T01",2019,0,0,"Post"
"536","Poc","LTER1","Back Reef","LTER1_BR_T01",2020,0,0,"Post"
"537","Poc","LTER1","Back Reef","LTER1_BR_T01",2021,1,1,"Post"
"538","Poc","LTER1","Back Reef","LTER1_BR_T01",2022,5,5,"Post"
"539","Poc","LTER1","Back Reef","LTER1_BR_T01",2023,7,7,"Post"
"540","Poc","LTER1","Back Reef","LTER1_BR_T01",2024,5,5,"Post"
"541","Poc","LTER1","Back Reef","LTER1_BR_T02",2013,3,3,"Pre"
"542","Poc","LTER1","Back Reef","LTER1_BR_T02",2014,1,1,"Pre"
"543","Poc","LTER1","Back Reef","LTER1_BR_T02",2015,5,5,"Pre"
"544","Poc","LTER1","Back Reef","LTER1_BR_T02",2016,1,1,"Pre"
"545","Poc","LTER1","Back Reef","LTER1_BR_T02",2017,NA,NA,"Pre"
"546","Poc","LTER1","Back Reef","LTER1_BR_T02",2018,2,2,"Pre"
"547","Poc","LTER1","Back Reef","LTER1_BR_T02",2019,3,3,"Post"
"548","Poc","LTER1","Back Reef","LTER1_BR_T02",2020,0,0,"Post"
"549","Poc","LTER1","Back Reef","LTER1_BR_T02",2021,0,0,"Post"
"550","Poc","LTER1","Back Reef","LTER1_BR_T02",2022,6,6,"Post"
"551","Poc","LTER1","Back Reef","LTER1_BR_T02",2023,2,2,"Post"
"552","Poc","LTER1","Back Reef","LTER1_BR_T02",2024,5,5,"Post"
"553","Poc","LTER1","Back Reef","LTER1_BR_T03",2013,3,3,"Pre"
"554","Poc","LTER1","Back Reef","LTER1_BR_T03",2014,3,3,"Pre"
"555","Poc","LTER1","Back Reef","LTER1_BR_T03",2015,6,6,"Pre"
"556","Poc","LTER1","Back Reef","LTER1_BR_T03",2016,3,3,"Pre"
"557","Poc","LTER1","Back Reef","LTER1_BR_T03",2017,NA,NA,"Pre"
"558","Poc","LTER1","Back Reef","LTER1_BR_T03",2018,6,6,"Pre"
"559","Poc","LTER1","Back Reef","LTER1_BR_T03",2019,8,8,"Post"
"560","Poc","LTER1","Back Reef","LTER1_BR_T03",2020,2,2,"Post"
"561","Poc","LTER1","Back Reef","LTER1_BR_T03",2021,4,4,"Post"
"562","Poc","LTER1","Back Reef","LTER1_BR_T03",2022,2,2,"Post"
"563","Poc","LTER1","Back Reef","LTER1_BR_T03",2023,9,9,"Post"
"564","Poc","LTER1","Back Reef","LTER1_BR_T03",2024,11,11,"Post"
"565","Poc","LTER1","Back Reef","LTER1_BR_T04",2013,5,5,"Pre"
"566","Poc","LTER1","Back Reef","LTER1_BR_T04",2014,3,3,"Pre"
"567","Poc","LTER1","Back Reef","LTER1_BR_T04",2015,4,4,"Pre"
"568","Poc","LTER1","Back Reef","LTER1_BR_T04",2016,1,1,"Pre"
"569","Poc","LTER1","Back Reef","LTER1_BR_T04",2017,NA,NA,"Pre"
"570","Poc","LTER1","Back Reef","LTER1_BR_T04",2018,1,1,"Pre"
"571","Poc","LTER1","Back Reef","LTER1_BR_T04",2019,1,1,"Post"
"572","Poc","LTER1","Back Reef","LTER1_BR_T04",2020,0,0,"Post"
"573","Poc","LTER1","Back Reef","LTER1_BR_T04",2021,2,2,"Post"
"574","Poc","LTER1","Back Reef","LTER1_BR_T04",2022,2,2,"Post"
"575","Poc","LTER1","Back Reef","LTER1_BR_T04",2023,5,5,"Post"
"576","Poc","LTER1","Back Reef","LTER1_BR_T04",2024,3,3,"Post"
"577","Poc","LTER1","Fore Reef","LTER1_OR_T01",2013,67,335,"Pre"
"578","Poc","LTER1","Fore Reef","LTER1_OR_T01",2014,12,60,"Pre"
"579","Poc","LTER1","Fore Reef","LTER1_OR_T01",2015,10,50,"Pre"
"580","Poc","LTER1","Fore Reef","LTER1_OR_T01",2016,7,35,"Pre"
"581","Poc","LTER1","Fore Reef","LTER1_OR_T01",2017,NA,NA,"Pre"
"582","Poc","LTER1","Fore Reef","LTER1_OR_T01",2018,6,30,"Pre"
"583","Poc","LTER1","Fore Reef","LTER1_OR_T01",2019,1,5,"Post"
"584","Poc","LTER1","Fore Reef","LTER1_OR_T01",2020,0,0,"Post"
"585","Poc","LTER1","Fore Reef","LTER1_OR_T01",2021,2,10,"Post"
"586","Poc","LTER1","Fore Reef","LTER1_OR_T01",2022,2,10,"Post"
"587","Poc","LTER1","Fore Reef","LTER1_OR_T01",2023,4,20,"Post"
"588","Poc","LTER1","Fore Reef","LTER1_OR_T01",2024,1,5,"Post"
"589","Poc","LTER1","Fore Reef","LTER1_OR_T02",2013,23,115,"Pre"
"590","Poc","LTER1","Fore Reef","LTER1_OR_T02",2014,4,20,"Pre"
"591","Poc","LTER1","Fore Reef","LTER1_OR_T02",2015,6,30,"Pre"
"592","Poc","LTER1","Fore Reef","LTER1_OR_T02",2016,3,15,"Pre"
"593","Poc","LTER1","Fore Reef","LTER1_OR_T02",2017,NA,NA,"Pre"
"594","Poc","LTER1","Fore Reef","LTER1_OR_T02",2018,6,30,"Pre"
"595","Poc","LTER1","Fore Reef","LTER1_OR_T02",2019,0,0,"Post"
"596","Poc","LTER1","Fore Reef","LTER1_OR_T02",2020,0,0,"Post"
"597","Poc","LTER1","Fore Reef","LTER1_OR_T02",2021,1,5,"Post"
"598","Poc","LTER1","Fore Reef","LTER1_OR_T02",2022,0,0,"Post"
"599","Poc","LTER1","Fore Reef","LTER1_OR_T02",2023,2,10,"Post"
"600","Poc","LTER1","Fore Reef","LTER1_OR_T02",2024,0,0,"Post"
"601","Poc","LTER1","Fore Reef","LTER1_OR_T03",2013,26,130,"Pre"
"602","Poc","LTER1","Fore Reef","LTER1_OR_T03",2014,6,30,"Pre"
"603","Poc","LTER1","Fore Reef","LTER1_OR_T03",2015,2,10,"Pre"
"604","Poc","LTER1","Fore Reef","LTER1_OR_T03",2016,3,15,"Pre"
"605","Poc","LTER1","Fore Reef","LTER1_OR_T03",2017,NA,NA,"Pre"
"606","Poc","LTER1","Fore Reef","LTER1_OR_T03",2018,1,5,"Pre"
"607","Poc","LTER1","Fore Reef","LTER1_OR_T03",2019,2,10,"Post"
"608","Poc","LTER1","Fore Reef","LTER1_OR_T03",2020,0,0,"Post"
"609","Poc","LTER1","Fore Reef","LTER1_OR_T03",2021,0,0,"Post"
"610","Poc","LTER1","Fore Reef","LTER1_OR_T03",2022,0,0,"Post"
"611","Poc","LTER1","Fore Reef","LTER1_OR_T03",2023,0,0,"Post"
"612","Poc","LTER1","Fore Reef","LTER1_OR_T03",2024,0,0,"Post"
"613","Poc","LTER1","Fore Reef","LTER1_OR_T04",2013,58,290,"Pre"
"614","Poc","LTER1","Fore Reef","LTER1_OR_T04",2014,10,50,"Pre"
"615","Poc","LTER1","Fore Reef","LTER1_OR_T04",2015,1,5,"Pre"
"616","Poc","LTER1","Fore Reef","LTER1_OR_T04",2016,1,5,"Pre"
"617","Poc","LTER1","Fore Reef","LTER1_OR_T04",2017,NA,NA,"Pre"
"618","Poc","LTER1","Fore Reef","LTER1_OR_T04",2018,3,15,"Pre"
"619","Poc","LTER1","Fore Reef","LTER1_OR_T04",2019,0,0,"Post"
"620","Poc","LTER1","Fore Reef","LTER1_OR_T04",2020,0,0,"Post"
"621","Poc","LTER1","Fore Reef","LTER1_OR_T04",2021,0,0,"Post"
"622","Poc","LTER1","Fore Reef","LTER1_OR_T04",2022,0,0,"Post"
"623","Poc","LTER1","Fore Reef","LTER1_OR_T04",2023,2,10,"Post"
"624","Poc","LTER1","Fore Reef","LTER1_OR_T04",2024,0,0,"Post"
"625","Poc","LTER2","Back Reef","LTER2_BR_T01",2013,2,2,"Pre"
"626","Poc","LTER2","Back Reef","LTER2_BR_T01",2014,1,1,"Pre"
"627","Poc","LTER2","Back Reef","LTER2_BR_T01",2015,2,2,"Pre"
"628","Poc","LTER2","Back Reef","LTER2_BR_T01",2016,0,0,"Pre"
"629","Poc","LTER2","Back Reef","LTER2_BR_T01",2017,NA,NA,"Pre"
"630","Poc","LTER2","Back Reef","LTER2_BR_T01",2018,9,9,"Pre"
"631","Poc","LTER2","Back Reef","LTER2_BR_T01",2019,1,1,"Post"
"632","Poc","LTER2","Back Reef","LTER2_BR_T01",2020,0,0,"Post"
"633","Poc","LTER2","Back Reef","LTER2_BR_T01",2021,0,0,"Post"
"634","Poc","LTER2","Back Reef","LTER2_BR_T01",2022,5,5,"Post"
"635","Poc","LTER2","Back Reef","LTER2_BR_T01",2023,2,2,"Post"
"636","Poc","LTER2","Back Reef","LTER2_BR_T01",2024,2,2,"Post"
"637","Poc","LTER2","Back Reef","LTER2_BR_T02",2013,1,1,"Pre"
"638","Poc","LTER2","Back Reef","LTER2_BR_T02",2014,3,3,"Pre"
"639","Poc","LTER2","Back Reef","LTER2_BR_T02",2015,1,1,"Pre"
"640","Poc","LTER2","Back Reef","LTER2_BR_T02",2016,1,1,"Pre"
"641","Poc","LTER2","Back Reef","LTER2_BR_T02",2017,NA,NA,"Pre"
"642","Poc","LTER2","Back Reef","LTER2_BR_T02",2018,4,4,"Pre"
"643","Poc","LTER2","Back Reef","LTER2_BR_T02",2019,1,1,"Post"
"644","Poc","LTER2","Back Reef","LTER2_BR_T02",2020,2,2,"Post"
"645","Poc","LTER2","Back Reef","LTER2_BR_T02",2021,0,0,"Post"
"646","Poc","LTER2","Back Reef","LTER2_BR_T02",2022,2,2,"Post"
"647","Poc","LTER2","Back Reef","LTER2_BR_T02",2023,0,0,"Post"
"648","Poc","LTER2","Back Reef","LTER2_BR_T02",2024,1,1,"Post"
"649","Poc","LTER2","Back Reef","LTER2_BR_T03",2013,2,2,"Pre"
"650","Poc","LTER2","Back Reef","LTER2_BR_T03",2014,0,0,"Pre"
"651","Poc","LTER2","Back Reef","LTER2_BR_T03",2015,1,1,"Pre"
"652","Poc","LTER2","Back Reef","LTER2_BR_T03",2016,0,0,"Pre"
"653","Poc","LTER2","Back Reef","LTER2_BR_T03",2017,NA,NA,"Pre"
"654","Poc","LTER2","Back Reef","LTER2_BR_T03",2018,10,10,"Pre"
"655","Poc","LTER2","Back Reef","LTER2_BR_T03",2019,0,0,"Post"
"656","Poc","LTER2","Back Reef","LTER2_BR_T03",2020,3,3,"Post"
"657","Poc","LTER2","Back Reef","LTER2_BR_T03",2021,0,0,"Post"
"658","Poc","LTER2","Back Reef","LTER2_BR_T03",2022,3,3,"Post"
"659","Poc","LTER2","Back Reef","LTER2_BR_T03",2023,1,1,"Post"
"660","Poc","LTER2","Back Reef","LTER2_BR_T03",2024,0,0,"Post"
"661","Poc","LTER2","Back Reef","LTER2_BR_T04",2013,8,8,"Pre"
"662","Poc","LTER2","Back Reef","LTER2_BR_T04",2014,4,4,"Pre"
"663","Poc","LTER2","Back Reef","LTER2_BR_T04",2015,8,8,"Pre"
"664","Poc","LTER2","Back Reef","LTER2_BR_T04",2016,5,5,"Pre"
"665","Poc","LTER2","Back Reef","LTER2_BR_T04",2017,NA,NA,"Pre"
"666","Poc","LTER2","Back Reef","LTER2_BR_T04",2018,6,6,"Pre"
"667","Poc","LTER2","Back Reef","LTER2_BR_T04",2019,2,2,"Post"
"668","Poc","LTER2","Back Reef","LTER2_BR_T04",2020,3,3,"Post"
"669","Poc","LTER2","Back Reef","LTER2_BR_T04",2021,0,0,"Post"
"670","Poc","LTER2","Back Reef","LTER2_BR_T04",2022,0,0,"Post"
"671","Poc","LTER2","Back Reef","LTER2_BR_T04",2023,2,2,"Post"
"672","Poc","LTER2","Back Reef","LTER2_BR_T04",2024,0,0,"Post"
"673","Poc","LTER2","Fore Reef","LTER2_OR_T01",2013,37,185,"Pre"
"674","Poc","LTER2","Fore Reef","LTER2_OR_T01",2014,5,25,"Pre"
"675","Poc","LTER2","Fore Reef","LTER2_OR_T01",2015,2,10,"Pre"
"676","Poc","LTER2","Fore Reef","LTER2_OR_T01",2016,6,30,"Pre"
"677","Poc","LTER2","Fore Reef","LTER2_OR_T01",2017,NA,NA,"Pre"
"678","Poc","LTER2","Fore Reef","LTER2_OR_T01",2018,1,5,"Pre"
"679","Poc","LTER2","Fore Reef","LTER2_OR_T01",2019,2,10,"Post"
"680","Poc","LTER2","Fore Reef","LTER2_OR_T01",2020,0,0,"Post"
"681","Poc","LTER2","Fore Reef","LTER2_OR_T01",2021,0,0,"Post"
"682","Poc","LTER2","Fore Reef","LTER2_OR_T01",2022,1,5,"Post"
"683","Poc","LTER2","Fore Reef","LTER2_OR_T01",2023,2,10,"Post"
"684","Poc","LTER2","Fore Reef","LTER2_OR_T01",2024,0,0,"Post"
"685","Poc","LTER2","Fore Reef","LTER2_OR_T02",2013,5,25,"Pre"
"686","Poc","LTER2","Fore Reef","LTER2_OR_T02",2014,7,35,"Pre"
"687","Poc","LTER2","Fore Reef","LTER2_OR_T02",2015,3,15,"Pre"
"688","Poc","LTER2","Fore Reef","LTER2_OR_T02",2016,2,10,"Pre"
"689","Poc","LTER2","Fore Reef","LTER2_OR_T02",2017,NA,NA,"Pre"
"690","Poc","LTER2","Fore Reef","LTER2_OR_T02",2018,3,15,"Pre"
"691","Poc","LTER2","Fore Reef","LTER2_OR_T02",2019,4,20,"Post"
"692","Poc","LTER2","Fore Reef","LTER2_OR_T02",2020,2,10,"Post"
"693","Poc","LTER2","Fore Reef","LTER2_OR_T02",2021,0,0,"Post"
"694","Poc","LTER2","Fore Reef","LTER2_OR_T02",2022,0,0,"Post"
"695","Poc","LTER2","Fore Reef","LTER2_OR_T02",2023,0,0,"Post"
"696","Poc","LTER2","Fore Reef","LTER2_OR_T02",2024,0,0,"Post"
"697","Poc","LTER2","Fore Reef","LTER2_OR_T03",2013,36,180,"Pre"
"698","Poc","LTER2","Fore Reef","LTER2_OR_T03",2014,8,40,"Pre"
"699","Poc","LTER2","Fore Reef","LTER2_OR_T03",2015,6,30,"Pre"
"700","Poc","LTER2","Fore Reef","LTER2_OR_T03",2016,0,0,"Pre"
"701","Poc","LTER2","Fore Reef","LTER2_OR_T03",2017,NA,NA,"Pre"
"702","Poc","LTER2","Fore Reef","LTER2_OR_T03",2018,1,5,"Pre"
"703","Poc","LTER2","Fore Reef","LTER2_OR_T03",2019,0,0,"Post"
"704","Poc","LTER2","Fore Reef","LTER2_OR_T03",2020,0,0,"Post"
"705","Poc","LTER2","Fore Reef","LTER2_OR_T03",2021,1,5,"Post"
"706","Poc","LTER2","Fore Reef","LTER2_OR_T03",2022,0,0,"Post"
"707","Poc","LTER2","Fore Reef","LTER2_OR_T03",2023,1,5,"Post"
"708","Poc","LTER2","Fore Reef","LTER2_OR_T03",2024,0,0,"Post"
"709","Poc","LTER2","Fore Reef","LTER2_OR_T04",2013,56,280,"Pre"
"710","Poc","LTER2","Fore Reef","LTER2_OR_T04",2014,24,120,"Pre"
"711","Poc","LTER2","Fore Reef","LTER2_OR_T04",2015,4,20,"Pre"
"712","Poc","LTER2","Fore Reef","LTER2_OR_T04",2016,2,10,"Pre"
"713","Poc","LTER2","Fore Reef","LTER2_OR_T04",2017,NA,NA,"Pre"
"714","Poc","LTER2","Fore Reef","LTER2_OR_T04",2018,2,10,"Pre"
"715","Poc","LTER2","Fore Reef","LTER2_OR_T04",2019,7,35,"Post"
"716","Poc","LTER2","Fore Reef","LTER2_OR_T04",2020,0,0,"Post"
"717","Poc","LTER2","Fore Reef","LTER2_OR_T04",2021,1,5,"Post"
"718","Poc","LTER2","Fore Reef","LTER2_OR_T04",2022,0,0,"Post"
"719","Poc","LTER2","Fore Reef","LTER2_OR_T04",2023,1,5,"Post"
"720","Poc","LTER2","Fore Reef","LTER2_OR_T04",2024,0,0,"Post"
"721","Poc","LTER4","Back Reef","LTER4_BR_T01",2013,9,9,"Pre"
"722","Poc","LTER4","Back Reef","LTER4_BR_T01",2014,12,12,"Pre"
"723","Poc","LTER4","Back Reef","LTER4_BR_T01",2015,10,10,"Pre"
"724","Poc","LTER4","Back Reef","LTER4_BR_T01",2016,5,5,"Pre"
"725","Poc","LTER4","Back Reef","LTER4_BR_T01",2017,NA,NA,"Pre"
"726","Poc","LTER4","Back Reef","LTER4_BR_T01",2018,14,14,"Pre"
"727","Poc","LTER4","Back Reef","LTER4_BR_T01",2019,7,7,"Post"
"728","Poc","LTER4","Back Reef","LTER4_BR_T01",2020,5,5,"Post"
"729","Poc","LTER4","Back Reef","LTER4_BR_T01",2021,2,2,"Post"
"730","Poc","LTER4","Back Reef","LTER4_BR_T01",2022,2,2,"Post"
"731","Poc","LTER4","Back Reef","LTER4_BR_T01",2023,3,3,"Post"
"732","Poc","LTER4","Back Reef","LTER4_BR_T01",2024,0,0,"Post"
"733","Poc","LTER4","Back Reef","LTER4_BR_T02",2013,3,3,"Pre"
"734","Poc","LTER4","Back Reef","LTER4_BR_T02",2014,5,5,"Pre"
"735","Poc","LTER4","Back Reef","LTER4_BR_T02",2015,5,5,"Pre"
"736","Poc","LTER4","Back Reef","LTER4_BR_T02",2016,2,2,"Pre"
"737","Poc","LTER4","Back Reef","LTER4_BR_T02",2017,NA,NA,"Pre"
"738","Poc","LTER4","Back Reef","LTER4_BR_T02",2018,6,6,"Pre"
"739","Poc","LTER4","Back Reef","LTER4_BR_T02",2019,3,3,"Post"
"740","Poc","LTER4","Back Reef","LTER4_BR_T02",2020,0,0,"Post"
"741","Poc","LTER4","Back Reef","LTER4_BR_T02",2021,1,1,"Post"
"742","Poc","LTER4","Back Reef","LTER4_BR_T02",2022,0,0,"Post"
"743","Poc","LTER4","Back Reef","LTER4_BR_T02",2023,3,3,"Post"
"744","Poc","LTER4","Back Reef","LTER4_BR_T02",2024,1,1,"Post"
"745","Poc","LTER4","Back Reef","LTER4_BR_T03",2013,5,5,"Pre"
"746","Poc","LTER4","Back Reef","LTER4_BR_T03",2014,2,2,"Pre"
"747","Poc","LTER4","Back Reef","LTER4_BR_T03",2015,5,5,"Pre"
"748","Poc","LTER4","Back Reef","LTER4_BR_T03",2016,1,1,"Pre"
"749","Poc","LTER4","Back Reef","LTER4_BR_T03",2017,NA,NA,"Pre"
"750","Poc","LTER4","Back Reef","LTER4_BR_T03",2018,17,17,"Pre"
"751","Poc","LTER4","Back Reef","LTER4_BR_T03",2019,6,6,"Post"
"752","Poc","LTER4","Back Reef","LTER4_BR_T03",2020,3,3,"Post"
"753","Poc","LTER4","Back Reef","LTER4_BR_T03",2021,2,2,"Post"
"754","Poc","LTER4","Back Reef","LTER4_BR_T03",2022,5,5,"Post"
"755","Poc","LTER4","Back Reef","LTER4_BR_T03",2023,2,2,"Post"
"756","Poc","LTER4","Back Reef","LTER4_BR_T03",2024,3,3,"Post"
"757","Poc","LTER4","Back Reef","LTER4_BR_T04",2013,1,1,"Pre"
"758","Poc","LTER4","Back Reef","LTER4_BR_T04",2014,1,1,"Pre"
"759","Poc","LTER4","Back Reef","LTER4_BR_T04",2015,0,0,"Pre"
"760","Poc","LTER4","Back Reef","LTER4_BR_T04",2016,0,0,"Pre"
"761","Poc","LTER4","Back Reef","LTER4_BR_T04",2017,NA,NA,"Pre"
"762","Poc","LTER4","Back Reef","LTER4_BR_T04",2018,9,9,"Pre"
"763","Poc","LTER4","Back Reef","LTER4_BR_T04",2019,6,6,"Post"
"764","Poc","LTER4","Back Reef","LTER4_BR_T04",2020,1,1,"Post"
"765","Poc","LTER4","Back Reef","LTER4_BR_T04",2021,1,1,"Post"
"766","Poc","LTER4","Back Reef","LTER4_BR_T04",2022,4,4,"Post"
"767","Poc","LTER4","Back Reef","LTER4_BR_T04",2023,4,4,"Post"
"768","Poc","LTER4","Back Reef","LTER4_BR_T04",2024,4,4,"Post"
"769","Poc","LTER4","Fore Reef","LTER4_OR_T01",2013,5,25,"Pre"
"770","Poc","LTER4","Fore Reef","LTER4_OR_T01",2014,5,25,"Pre"
"771","Poc","LTER4","Fore Reef","LTER4_OR_T01",2015,2,10,"Pre"
"772","Poc","LTER4","Fore Reef","LTER4_OR_T01",2016,5,25,"Pre"
"773","Poc","LTER4","Fore Reef","LTER4_OR_T01",2017,NA,NA,"Pre"
"774","Poc","LTER4","Fore Reef","LTER4_OR_T01",2018,3,15,"Pre"
"775","Poc","LTER4","Fore Reef","LTER4_OR_T01",2019,0,0,"Post"
"776","Poc","LTER4","Fore Reef","LTER4_OR_T01",2020,2,10,"Post"
"777","Poc","LTER4","Fore Reef","LTER4_OR_T01",2021,1,5,"Post"
"778","Poc","LTER4","Fore Reef","LTER4_OR_T01",2022,1,5,"Post"
"779","Poc","LTER4","Fore Reef","LTER4_OR_T01",2023,0,0,"Post"
"780","Poc","LTER4","Fore Reef","LTER4_OR_T01",2024,2,10,"Post"
"781","Poc","LTER4","Fore Reef","LTER4_OR_T02",2013,33,165,"Pre"
"782","Poc","LTER4","Fore Reef","LTER4_OR_T02",2014,8,40,"Pre"
"783","Poc","LTER4","Fore Reef","LTER4_OR_T02",2015,7,35,"Pre"
"784","Poc","LTER4","Fore Reef","LTER4_OR_T02",2016,4,20,"Pre"
"785","Poc","LTER4","Fore Reef","LTER4_OR_T02",2017,NA,NA,"Pre"
"786","Poc","LTER4","Fore Reef","LTER4_OR_T02",2018,8,40,"Pre"
"787","Poc","LTER4","Fore Reef","LTER4_OR_T02",2019,0,0,"Post"
"788","Poc","LTER4","Fore Reef","LTER4_OR_T02",2020,1,5,"Post"
"789","Poc","LTER4","Fore Reef","LTER4_OR_T02",2021,2,10,"Post"
"790","Poc","LTER4","Fore Reef","LTER4_OR_T02",2022,0,0,"Post"
"791","Poc","LTER4","Fore Reef","LTER4_OR_T02",2023,0,0,"Post"
"792","Poc","LTER4","Fore Reef","LTER4_OR_T02",2024,0,0,"Post"
"793","Poc","LTER4","Fore Reef","LTER4_OR_T03",2013,11,55,"Pre"
"794","Poc","LTER4","Fore Reef","LTER4_OR_T03",2014,4,20,"Pre"
"795","Poc","LTER4","Fore Reef","LTER4_OR_T03",2015,7,35,"Pre"
"796","Poc","LTER4","Fore Reef","LTER4_OR_T03",2016,2,10,"Pre"
"797","Poc","LTER4","Fore Reef","LTER4_OR_T03",2017,NA,NA,"Pre"
"798","Poc","LTER4","Fore Reef","LTER4_OR_T03",2018,2,10,"Pre"
"799","Poc","LTER4","Fore Reef","LTER4_OR_T03",2019,0,0,"Post"
"800","Poc","LTER4","Fore Reef","LTER4_OR_T03",2020,2,10,"Post"
"801","Poc","LTER4","Fore Reef","LTER4_OR_T03",2021,1,5,"Post"
"802","Poc","LTER4","Fore Reef","LTER4_OR_T03",2022,0,0,"Post"
"803","Poc","LTER4","Fore Reef","LTER4_OR_T03",2023,0,0,"Post"
"804","Poc","LTER4","Fore Reef","LTER4_OR_T03",2024,2,10,"Post"
"805","Poc","LTER4","Fore Reef","LTER4_OR_T04",2013,20,100,"Pre"
"806","Poc","LTER4","Fore Reef","LTER4_OR_T04",2014,5,25,"Pre"
"807","Poc","LTER4","Fore Reef","LTER4_OR_T04",2015,6,30,"Pre"
"808","Poc","LTER4","Fore Reef","LTER4_OR_T04",2016,4,20,"Pre"
"809","Poc","LTER4","Fore Reef","LTER4_OR_T04",2017,NA,NA,"Pre"
"810","Poc","LTER4","Fore Reef","LTER4_OR_T04",2018,4,20,"Pre"
"811","Poc","LTER4","Fore Reef","LTER4_OR_T04",2019,0,0,"Post"
"812","Poc","LTER4","Fore Reef","LTER4_OR_T04",2020,4,20,"Post"
"813","Poc","LTER4","Fore Reef","LTER4_OR_T04",2021,0,0,"Post"
"814","Poc","LTER4","Fore Reef","LTER4_OR_T04",2022,0,0,"Post"
"815","Poc","LTER4","Fore Reef","LTER4_OR_T04",2023,0,0,"Post"
"816","Poc","LTER4","Fore Reef","LTER4_OR_T04",2024,0,0,"Post"
"817","Poc","LTER5","Back Reef","LTER5_BR_T01",2013,1,1,"Pre"
"818","Poc","LTER5","Back Reef","LTER5_BR_T01",2014,0,0,"Pre"
"819","Poc","LTER5","Back Reef","LTER5_BR_T01",2015,4,4,"Pre"
"820","Poc","LTER5","Back Reef","LTER5_BR_T01",2016,0,0,"Pre"
"821","Poc","LTER5","Back Reef","LTER5_BR_T01",2017,NA,NA,"Pre"
"822","Poc","LTER5","Back Reef","LTER5_BR_T01",2018,2,2,"Pre"
"823","Poc","LTER5","Back Reef","LTER5_BR_T01",2019,1,1,"Post"
"824","Poc","LTER5","Back Reef","LTER5_BR_T01",2020,0,0,"Post"
"825","Poc","LTER5","Back Reef","LTER5_BR_T01",2021,0,0,"Post"
"826","Poc","LTER5","Back Reef","LTER5_BR_T01",2022,0,0,"Post"
"827","Poc","LTER5","Back Reef","LTER5_BR_T01",2023,0,0,"Post"
"828","Poc","LTER5","Back Reef","LTER5_BR_T01",2024,1,1,"Post"
"829","Poc","LTER5","Back Reef","LTER5_BR_T02",2013,1,1,"Pre"
"830","Poc","LTER5","Back Reef","LTER5_BR_T02",2014,1,1,"Pre"
"831","Poc","LTER5","Back Reef","LTER5_BR_T02",2015,1,1,"Pre"
"832","Poc","LTER5","Back Reef","LTER5_BR_T02",2016,3,3,"Pre"
"833","Poc","LTER5","Back Reef","LTER5_BR_T02",2017,NA,NA,"Pre"
"834","Poc","LTER5","Back Reef","LTER5_BR_T02",2018,1,1,"Pre"
"835","Poc","LTER5","Back Reef","LTER5_BR_T02",2019,0,0,"Post"
"836","Poc","LTER5","Back Reef","LTER5_BR_T02",2020,4,4,"Post"
"837","Poc","LTER5","Back Reef","LTER5_BR_T02",2021,0,0,"Post"
"838","Poc","LTER5","Back Reef","LTER5_BR_T02",2022,0,0,"Post"
"839","Poc","LTER5","Back Reef","LTER5_BR_T02",2023,1,1,"Post"
"840","Poc","LTER5","Back Reef","LTER5_BR_T02",2024,0,0,"Post"
"841","Poc","LTER5","Back Reef","LTER5_BR_T03",2013,0,0,"Pre"
"842","Poc","LTER5","Back Reef","LTER5_BR_T03",2014,0,0,"Pre"
"843","Poc","LTER5","Back Reef","LTER5_BR_T03",2015,0,0,"Pre"
"844","Poc","LTER5","Back Reef","LTER5_BR_T03",2016,5,5,"Pre"
"845","Poc","LTER5","Back Reef","LTER5_BR_T03",2017,NA,NA,"Pre"
"846","Poc","LTER5","Back Reef","LTER5_BR_T03",2018,5,5,"Pre"
"847","Poc","LTER5","Back Reef","LTER5_BR_T03",2019,2,2,"Post"
"848","Poc","LTER5","Back Reef","LTER5_BR_T03",2020,1,1,"Post"
"849","Poc","LTER5","Back Reef","LTER5_BR_T03",2021,0,0,"Post"
"850","Poc","LTER5","Back Reef","LTER5_BR_T03",2022,0,0,"Post"
"851","Poc","LTER5","Back Reef","LTER5_BR_T03",2023,3,3,"Post"
"852","Poc","LTER5","Back Reef","LTER5_BR_T03",2024,0,0,"Post"
"853","Poc","LTER5","Back Reef","LTER5_BR_T04",2013,4,4,"Pre"
"854","Poc","LTER5","Back Reef","LTER5_BR_T04",2014,2,2,"Pre"
"855","Poc","LTER5","Back Reef","LTER5_BR_T04",2015,5,5,"Pre"
"856","Poc","LTER5","Back Reef","LTER5_BR_T04",2016,1,1,"Pre"
"857","Poc","LTER5","Back Reef","LTER5_BR_T04",2017,NA,NA,"Pre"
"858","Poc","LTER5","Back Reef","LTER5_BR_T04",2018,5,5,"Pre"
"859","Poc","LTER5","Back Reef","LTER5_BR_T04",2019,1,1,"Post"
"860","Poc","LTER5","Back Reef","LTER5_BR_T04",2020,2,2,"Post"
"861","Poc","LTER5","Back Reef","LTER5_BR_T04",2021,1,1,"Post"
"862","Poc","LTER5","Back Reef","LTER5_BR_T04",2022,1,1,"Post"
"863","Poc","LTER5","Back Reef","LTER5_BR_T04",2023,1,1,"Post"
"864","Poc","LTER5","Back Reef","LTER5_BR_T04",2024,0,0,"Post"
"865","Poc","LTER5","Fore Reef","LTER5_OR_T01",2013,7,35,"Pre"
"866","Poc","LTER5","Fore Reef","LTER5_OR_T01",2014,10,50,"Pre"
"867","Poc","LTER5","Fore Reef","LTER5_OR_T01",2015,6,30,"Pre"
"868","Poc","LTER5","Fore Reef","LTER5_OR_T01",2016,5,25,"Pre"
"869","Poc","LTER5","Fore Reef","LTER5_OR_T01",2017,NA,NA,"Pre"
"870","Poc","LTER5","Fore Reef","LTER5_OR_T01",2018,3,15,"Pre"
"871","Poc","LTER5","Fore Reef","LTER5_OR_T01",2019,0,0,"Post"
"872","Poc","LTER5","Fore Reef","LTER5_OR_T01",2020,1,5,"Post"
"873","Poc","LTER5","Fore Reef","LTER5_OR_T01",2021,0,0,"Post"
"874","Poc","LTER5","Fore Reef","LTER5_OR_T01",2022,0,0,"Post"
"875","Poc","LTER5","Fore Reef","LTER5_OR_T01",2023,1,5,"Post"
"876","Poc","LTER5","Fore Reef","LTER5_OR_T01",2024,7,35,"Post"
"877","Poc","LTER5","Fore Reef","LTER5_OR_T02",2013,7,35,"Pre"
"878","Poc","LTER5","Fore Reef","LTER5_OR_T02",2014,5,25,"Pre"
"879","Poc","LTER5","Fore Reef","LTER5_OR_T02",2015,7,35,"Pre"
"880","Poc","LTER5","Fore Reef","LTER5_OR_T02",2016,11,55,"Pre"
"881","Poc","LTER5","Fore Reef","LTER5_OR_T02",2017,NA,NA,"Pre"
"882","Poc","LTER5","Fore Reef","LTER5_OR_T02",2018,3,15,"Pre"
"883","Poc","LTER5","Fore Reef","LTER5_OR_T02",2019,0,0,"Post"
"884","Poc","LTER5","Fore Reef","LTER5_OR_T02",2020,1,5,"Post"
"885","Poc","LTER5","Fore Reef","LTER5_OR_T02",2021,0,0,"Post"
"886","Poc","LTER5","Fore Reef","LTER5_OR_T02",2022,0,0,"Post"
"887","Poc","LTER5","Fore Reef","LTER5_OR_T02",2023,2,10,"Post"
"888","Poc","LTER5","Fore Reef","LTER5_OR_T02",2024,4,20,"Post"
"889","Poc","LTER5","Fore Reef","LTER5_OR_T03",2013,38,190,"Pre"
"890","Poc","LTER5","Fore Reef","LTER5_OR_T03",2014,13,65,"Pre"
"891","Poc","LTER5","Fore Reef","LTER5_OR_T03",2015,11,55,"Pre"
"892","Poc","LTER5","Fore Reef","LTER5_OR_T03",2016,17,85,"Pre"
"893","Poc","LTER5","Fore Reef","LTER5_OR_T03",2017,NA,NA,"Pre"
"894","Poc","LTER5","Fore Reef","LTER5_OR_T03",2018,4,20,"Pre"
"895","Poc","LTER5","Fore Reef","LTER5_OR_T03",2019,0,0,"Post"
"896","Poc","LTER5","Fore Reef","LTER5_OR_T03",2020,0,0,"Post"
"897","Poc","LTER5","Fore Reef","LTER5_OR_T03",2021,0,0,"Post"
"898","Poc","LTER5","Fore Reef","LTER5_OR_T03",2022,2,10,"Post"
"899","Poc","LTER5","Fore Reef","LTER5_OR_T03",2023,13,65,"Post"
"900","Poc","LTER5","Fore Reef","LTER5_OR_T03",2024,11,55,"Post"
"901","Poc","LTER5","Fore Reef","LTER5_OR_T04",2013,0,0,"Pre"
"902","Poc","LTER5","Fore Reef","LTER5_OR_T04",2014,0,0,"Pre"
"903","Poc","LTER5","Fore Reef","LTER5_OR_T04",2015,0,0,"Pre"
"904","Poc","LTER5","Fore Reef","LTER5_OR_T04",2016,0,0,"Pre"
"905","Poc","LTER5","Fore Reef","LTER5_OR_T04",2017,NA,NA,"Pre"
"906","Poc","LTER5","Fore Reef","LTER5_OR_T04",2018,0,0,"Pre"
"907","Poc","LTER5","Fore Reef","LTER5_OR_T04",2019,0,0,"Post"
"908","Poc","LTER5","Fore Reef","LTER5_OR_T04",2020,0,0,"Post"
"909","Poc","LTER5","Fore Reef","LTER5_OR_T04",2021,1,5,"Post"
"910","Poc","LTER5","Fore Reef","LTER5_OR_T04",2022,5,25,"Post"
"911","Poc","LTER5","Fore Reef","LTER5_OR_T04",2023,6,30,"Post"
"912","Poc","LTER5","Fore Reef","LTER5_OR_T04",2024,7,35,"Post"
"913","Por","LTER1","Back Reef","LTER1_BR_T01",2013,66,66,"Pre"
"914","Por","LTER1","Back Reef","LTER1_BR_T01",2014,22,22,"Pre"
"915","Por","LTER1","Back Reef","LTER1_BR_T01",2015,13,13,"Pre"
"916","Por","LTER1","Back Reef","LTER1_BR_T01",2016,5,5,"Pre"
"917","Por","LTER1","Back Reef","LTER1_BR_T01",2017,NA,NA,"Pre"
"918","Por","LTER1","Back Reef","LTER1_BR_T01",2018,15,15,"Pre"
"919","Por","LTER1","Back Reef","LTER1_BR_T01",2019,4,4,"Post"
"920","Por","LTER1","Back Reef","LTER1_BR_T01",2020,2,2,"Post"
"921","Por","LTER1","Back Reef","LTER1_BR_T01",2021,3,3,"Post"
"922","Por","LTER1","Back Reef","LTER1_BR_T01",2022,2,2,"Post"
"923","Por","LTER1","Back Reef","LTER1_BR_T01",2023,8,8,"Post"
"924","Por","LTER1","Back Reef","LTER1_BR_T01",2024,0,0,"Post"
"925","Por","LTER1","Back Reef","LTER1_BR_T02",2013,13,13,"Pre"
"926","Por","LTER1","Back Reef","LTER1_BR_T02",2014,8,8,"Pre"
"927","Por","LTER1","Back Reef","LTER1_BR_T02",2015,11,11,"Pre"
"928","Por","LTER1","Back Reef","LTER1_BR_T02",2016,1,1,"Pre"
"929","Por","LTER1","Back Reef","LTER1_BR_T02",2017,NA,NA,"Pre"
"930","Por","LTER1","Back Reef","LTER1_BR_T02",2018,7,7,"Pre"
"931","Por","LTER1","Back Reef","LTER1_BR_T02",2019,5,5,"Post"
"932","Por","LTER1","Back Reef","LTER1_BR_T02",2020,3,3,"Post"
"933","Por","LTER1","Back Reef","LTER1_BR_T02",2021,2,2,"Post"
"934","Por","LTER1","Back Reef","LTER1_BR_T02",2022,0,0,"Post"
"935","Por","LTER1","Back Reef","LTER1_BR_T02",2023,1,1,"Post"
"936","Por","LTER1","Back Reef","LTER1_BR_T02",2024,0,0,"Post"
"937","Por","LTER1","Back Reef","LTER1_BR_T03",2013,4,4,"Pre"
"938","Por","LTER1","Back Reef","LTER1_BR_T03",2014,5,5,"Pre"
"939","Por","LTER1","Back Reef","LTER1_BR_T03",2015,4,4,"Pre"
"940","Por","LTER1","Back Reef","LTER1_BR_T03",2016,8,8,"Pre"
"941","Por","LTER1","Back Reef","LTER1_BR_T03",2017,NA,NA,"Pre"
"942","Por","LTER1","Back Reef","LTER1_BR_T03",2018,1,1,"Pre"
"943","Por","LTER1","Back Reef","LTER1_BR_T03",2019,3,3,"Post"
"944","Por","LTER1","Back Reef","LTER1_BR_T03",2020,3,3,"Post"
"945","Por","LTER1","Back Reef","LTER1_BR_T03",2021,5,5,"Post"
"946","Por","LTER1","Back Reef","LTER1_BR_T03",2022,0,0,"Post"
"947","Por","LTER1","Back Reef","LTER1_BR_T03",2023,0,0,"Post"
"948","Por","LTER1","Back Reef","LTER1_BR_T03",2024,2,2,"Post"
"949","Por","LTER1","Back Reef","LTER1_BR_T04",2013,13,13,"Pre"
"950","Por","LTER1","Back Reef","LTER1_BR_T04",2014,11,11,"Pre"
"951","Por","LTER1","Back Reef","LTER1_BR_T04",2015,14,14,"Pre"
"952","Por","LTER1","Back Reef","LTER1_BR_T04",2016,14,14,"Pre"
"953","Por","LTER1","Back Reef","LTER1_BR_T04",2017,NA,NA,"Pre"
"954","Por","LTER1","Back Reef","LTER1_BR_T04",2018,7,7,"Pre"
"955","Por","LTER1","Back Reef","LTER1_BR_T04",2019,2,2,"Post"
"956","Por","LTER1","Back Reef","LTER1_BR_T04",2020,2,2,"Post"
"957","Por","LTER1","Back Reef","LTER1_BR_T04",2021,6,6,"Post"
"958","Por","LTER1","Back Reef","LTER1_BR_T04",2022,0,0,"Post"
"959","Por","LTER1","Back Reef","LTER1_BR_T04",2023,7,7,"Post"
"960","Por","LTER1","Back Reef","LTER1_BR_T04",2024,0,0,"Post"
"961","Por","LTER1","Fore Reef","LTER1_OR_T01",2013,23,23,"Pre"
"962","Por","LTER1","Fore Reef","LTER1_OR_T01",2014,9,9,"Pre"
"963","Por","LTER1","Fore Reef","LTER1_OR_T01",2015,5,5,"Pre"
"964","Por","LTER1","Fore Reef","LTER1_OR_T01",2016,3,3,"Pre"
"965","Por","LTER1","Fore Reef","LTER1_OR_T01",2017,NA,NA,"Pre"
"966","Por","LTER1","Fore Reef","LTER1_OR_T01",2018,3,3,"Pre"
"967","Por","LTER1","Fore Reef","LTER1_OR_T01",2019,0,0,"Post"
"968","Por","LTER1","Fore Reef","LTER1_OR_T01",2020,0,0,"Post"
"969","Por","LTER1","Fore Reef","LTER1_OR_T01",2021,0,0,"Post"
"970","Por","LTER1","Fore Reef","LTER1_OR_T01",2022,0,0,"Post"
"971","Por","LTER1","Fore Reef","LTER1_OR_T01",2023,0,0,"Post"
"972","Por","LTER1","Fore Reef","LTER1_OR_T01",2024,0,0,"Post"
"973","Por","LTER1","Fore Reef","LTER1_OR_T02",2013,16,16,"Pre"
"974","Por","LTER1","Fore Reef","LTER1_OR_T02",2014,2,2,"Pre"
"975","Por","LTER1","Fore Reef","LTER1_OR_T02",2015,1,1,"Pre"
"976","Por","LTER1","Fore Reef","LTER1_OR_T02",2016,0,0,"Pre"
"977","Por","LTER1","Fore Reef","LTER1_OR_T02",2017,NA,NA,"Pre"
"978","Por","LTER1","Fore Reef","LTER1_OR_T02",2018,0,0,"Pre"
"979","Por","LTER1","Fore Reef","LTER1_OR_T02",2019,0,0,"Post"
"980","Por","LTER1","Fore Reef","LTER1_OR_T02",2020,0,0,"Post"
"981","Por","LTER1","Fore Reef","LTER1_OR_T02",2021,3,3,"Post"
"982","Por","LTER1","Fore Reef","LTER1_OR_T02",2022,0,0,"Post"
"983","Por","LTER1","Fore Reef","LTER1_OR_T02",2023,0,0,"Post"
"984","Por","LTER1","Fore Reef","LTER1_OR_T02",2024,2,2,"Post"
"985","Por","LTER1","Fore Reef","LTER1_OR_T03",2013,18,18,"Pre"
"986","Por","LTER1","Fore Reef","LTER1_OR_T03",2014,2,2,"Pre"
"987","Por","LTER1","Fore Reef","LTER1_OR_T03",2015,2,2,"Pre"
"988","Por","LTER1","Fore Reef","LTER1_OR_T03",2016,0,0,"Pre"
"989","Por","LTER1","Fore Reef","LTER1_OR_T03",2017,NA,NA,"Pre"
"990","Por","LTER1","Fore Reef","LTER1_OR_T03",2018,0,0,"Pre"
"991","Por","LTER1","Fore Reef","LTER1_OR_T03",2019,0,0,"Post"
"992","Por","LTER1","Fore Reef","LTER1_OR_T03",2020,0,0,"Post"
"993","Por","LTER1","Fore Reef","LTER1_OR_T03",2021,0,0,"Post"
"994","Por","LTER1","Fore Reef","LTER1_OR_T03",2022,0,0,"Post"
"995","Por","LTER1","Fore Reef","LTER1_OR_T03",2023,0,0,"Post"
"996","Por","LTER1","Fore Reef","LTER1_OR_T03",2024,0,0,"Post"
"997","Por","LTER1","Fore Reef","LTER1_OR_T04",2013,38,38,"Pre"
"998","Por","LTER1","Fore Reef","LTER1_OR_T04",2014,4,4,"Pre"
"999","Por","LTER1","Fore Reef","LTER1_OR_T04",2015,1,1,"Pre"
"1000","Por","LTER1","Fore Reef","LTER1_OR_T04",2016,2,2,"Pre"
"1001","Por","LTER1","Fore Reef","LTER1_OR_T04",2017,NA,NA,"Pre"
"1002","Por","LTER1","Fore Reef","LTER1_OR_T04",2018,0,0,"Pre"
"1003","Por","LTER1","Fore Reef","LTER1_OR_T04",2019,0,0,"Post"
"1004","Por","LTER1","Fore Reef","LTER1_OR_T04",2020,0,0,"Post"
"1005","Por","LTER1","Fore Reef","LTER1_OR_T04",2021,0,0,"Post"
"1006","Por","LTER1","Fore Reef","LTER1_OR_T04",2022,0,0,"Post"
"1007","Por","LTER1","Fore Reef","LTER1_OR_T04",2023,1,1,"Post"
"1008","Por","LTER1","Fore Reef","LTER1_OR_T04",2024,0,0,"Post"
"1009","Por","LTER2","Back Reef","LTER2_BR_T01",2013,143,143,"Pre"
"1010","Por","LTER2","Back Reef","LTER2_BR_T01",2014,38,38,"Pre"
"1011","Por","LTER2","Back Reef","LTER2_BR_T01",2015,9,9,"Pre"
"1012","Por","LTER2","Back Reef","LTER2_BR_T01",2016,11,11,"Pre"
"1013","Por","LTER2","Back Reef","LTER2_BR_T01",2017,NA,NA,"Pre"
"1014","Por","LTER2","Back Reef","LTER2_BR_T01",2018,22,22,"Pre"
"1015","Por","LTER2","Back Reef","LTER2_BR_T01",2019,1,1,"Post"
"1016","Por","LTER2","Back Reef","LTER2_BR_T01",2020,0,0,"Post"
"1017","Por","LTER2","Back Reef","LTER2_BR_T01",2021,8,8,"Post"
"1018","Por","LTER2","Back Reef","LTER2_BR_T01",2022,1,1,"Post"
"1019","Por","LTER2","Back Reef","LTER2_BR_T01",2023,0,0,"Post"
"1020","Por","LTER2","Back Reef","LTER2_BR_T01",2024,0,0,"Post"
"1021","Por","LTER2","Back Reef","LTER2_BR_T02",2013,19,19,"Pre"
"1022","Por","LTER2","Back Reef","LTER2_BR_T02",2014,6,6,"Pre"
"1023","Por","LTER2","Back Reef","LTER2_BR_T02",2015,3,3,"Pre"
"1024","Por","LTER2","Back Reef","LTER2_BR_T02",2016,6,6,"Pre"
"1025","Por","LTER2","Back Reef","LTER2_BR_T02",2017,NA,NA,"Pre"
"1026","Por","LTER2","Back Reef","LTER2_BR_T02",2018,3,3,"Pre"
"1027","Por","LTER2","Back Reef","LTER2_BR_T02",2019,0,0,"Post"
"1028","Por","LTER2","Back Reef","LTER2_BR_T02",2020,0,0,"Post"
"1029","Por","LTER2","Back Reef","LTER2_BR_T02",2021,1,1,"Post"
"1030","Por","LTER2","Back Reef","LTER2_BR_T02",2022,0,0,"Post"
"1031","Por","LTER2","Back Reef","LTER2_BR_T02",2023,1,1,"Post"
"1032","Por","LTER2","Back Reef","LTER2_BR_T02",2024,0,0,"Post"
"1033","Por","LTER2","Back Reef","LTER2_BR_T03",2013,25,25,"Pre"
"1034","Por","LTER2","Back Reef","LTER2_BR_T03",2014,12,12,"Pre"
"1035","Por","LTER2","Back Reef","LTER2_BR_T03",2015,5,5,"Pre"
"1036","Por","LTER2","Back Reef","LTER2_BR_T03",2016,8,8,"Pre"
"1037","Por","LTER2","Back Reef","LTER2_BR_T03",2017,NA,NA,"Pre"
"1038","Por","LTER2","Back Reef","LTER2_BR_T03",2018,3,3,"Pre"
"1039","Por","LTER2","Back Reef","LTER2_BR_T03",2019,1,1,"Post"
"1040","Por","LTER2","Back Reef","LTER2_BR_T03",2020,2,2,"Post"
"1041","Por","LTER2","Back Reef","LTER2_BR_T03",2021,0,0,"Post"
"1042","Por","LTER2","Back Reef","LTER2_BR_T03",2022,0,0,"Post"
"1043","Por","LTER2","Back Reef","LTER2_BR_T03",2023,0,0,"Post"
"1044","Por","LTER2","Back Reef","LTER2_BR_T03",2024,0,0,"Post"
"1045","Por","LTER2","Back Reef","LTER2_BR_T04",2013,26,26,"Pre"
"1046","Por","LTER2","Back Reef","LTER2_BR_T04",2014,4,4,"Pre"
"1047","Por","LTER2","Back Reef","LTER2_BR_T04",2015,2,2,"Pre"
"1048","Por","LTER2","Back Reef","LTER2_BR_T04",2016,5,5,"Pre"
"1049","Por","LTER2","Back Reef","LTER2_BR_T04",2017,NA,NA,"Pre"
"1050","Por","LTER2","Back Reef","LTER2_BR_T04",2018,3,3,"Pre"
"1051","Por","LTER2","Back Reef","LTER2_BR_T04",2019,4,4,"Post"
"1052","Por","LTER2","Back Reef","LTER2_BR_T04",2020,1,1,"Post"
"1053","Por","LTER2","Back Reef","LTER2_BR_T04",2021,1,1,"Post"
"1054","Por","LTER2","Back Reef","LTER2_BR_T04",2022,2,2,"Post"
"1055","Por","LTER2","Back Reef","LTER2_BR_T04",2023,1,1,"Post"
"1056","Por","LTER2","Back Reef","LTER2_BR_T04",2024,0,0,"Post"
"1057","Por","LTER2","Fore Reef","LTER2_OR_T01",2013,9,9,"Pre"
"1058","Por","LTER2","Fore Reef","LTER2_OR_T01",2014,1,1,"Pre"
"1059","Por","LTER2","Fore Reef","LTER2_OR_T01",2015,0,0,"Pre"
"1060","Por","LTER2","Fore Reef","LTER2_OR_T01",2016,2,2,"Pre"
"1061","Por","LTER2","Fore Reef","LTER2_OR_T01",2017,NA,NA,"Pre"
"1062","Por","LTER2","Fore Reef","LTER2_OR_T01",2018,0,0,"Pre"
"1063","Por","LTER2","Fore Reef","LTER2_OR_T01",2019,0,0,"Post"
"1064","Por","LTER2","Fore Reef","LTER2_OR_T01",2020,1,1,"Post"
"1065","Por","LTER2","Fore Reef","LTER2_OR_T01",2021,0,0,"Post"
"1066","Por","LTER2","Fore Reef","LTER2_OR_T01",2022,0,0,"Post"
"1067","Por","LTER2","Fore Reef","LTER2_OR_T01",2023,1,1,"Post"
"1068","Por","LTER2","Fore Reef","LTER2_OR_T01",2024,0,0,"Post"
"1069","Por","LTER2","Fore Reef","LTER2_OR_T02",2013,3,3,"Pre"
"1070","Por","LTER2","Fore Reef","LTER2_OR_T02",2014,5,5,"Pre"
"1071","Por","LTER2","Fore Reef","LTER2_OR_T02",2015,3,3,"Pre"
"1072","Por","LTER2","Fore Reef","LTER2_OR_T02",2016,2,2,"Pre"
"1073","Por","LTER2","Fore Reef","LTER2_OR_T02",2017,NA,NA,"Pre"
"1074","Por","LTER2","Fore Reef","LTER2_OR_T02",2018,3,3,"Pre"
"1075","Por","LTER2","Fore Reef","LTER2_OR_T02",2019,1,1,"Post"
"1076","Por","LTER2","Fore Reef","LTER2_OR_T02",2020,0,0,"Post"
"1077","Por","LTER2","Fore Reef","LTER2_OR_T02",2021,0,0,"Post"
"1078","Por","LTER2","Fore Reef","LTER2_OR_T02",2022,0,0,"Post"
"1079","Por","LTER2","Fore Reef","LTER2_OR_T02",2023,0,0,"Post"
"1080","Por","LTER2","Fore Reef","LTER2_OR_T02",2024,0,0,"Post"
"1081","Por","LTER2","Fore Reef","LTER2_OR_T03",2013,6,6,"Pre"
"1082","Por","LTER2","Fore Reef","LTER2_OR_T03",2014,1,1,"Pre"
"1083","Por","LTER2","Fore Reef","LTER2_OR_T03",2015,3,3,"Pre"
"1084","Por","LTER2","Fore Reef","LTER2_OR_T03",2016,0,0,"Pre"
"1085","Por","LTER2","Fore Reef","LTER2_OR_T03",2017,NA,NA,"Pre"
"1086","Por","LTER2","Fore Reef","LTER2_OR_T03",2018,2,2,"Pre"
"1087","Por","LTER2","Fore Reef","LTER2_OR_T03",2019,0,0,"Post"
"1088","Por","LTER2","Fore Reef","LTER2_OR_T03",2020,0,0,"Post"
"1089","Por","LTER2","Fore Reef","LTER2_OR_T03",2021,0,0,"Post"
"1090","Por","LTER2","Fore Reef","LTER2_OR_T03",2022,0,0,"Post"
"1091","Por","LTER2","Fore Reef","LTER2_OR_T03",2023,0,0,"Post"
"1092","Por","LTER2","Fore Reef","LTER2_OR_T03",2024,1,1,"Post"
"1093","Por","LTER2","Fore Reef","LTER2_OR_T04",2013,19,19,"Pre"
"1094","Por","LTER2","Fore Reef","LTER2_OR_T04",2014,10,10,"Pre"
"1095","Por","LTER2","Fore Reef","LTER2_OR_T04",2015,3,3,"Pre"
"1096","Por","LTER2","Fore Reef","LTER2_OR_T04",2016,1,1,"Pre"
"1097","Por","LTER2","Fore Reef","LTER2_OR_T04",2017,NA,NA,"Pre"
"1098","Por","LTER2","Fore Reef","LTER2_OR_T04",2018,2,2,"Pre"
"1099","Por","LTER2","Fore Reef","LTER2_OR_T04",2019,1,1,"Post"
"1100","Por","LTER2","Fore Reef","LTER2_OR_T04",2020,0,0,"Post"
"1101","Por","LTER2","Fore Reef","LTER2_OR_T04",2021,2,2,"Post"
"1102","Por","LTER2","Fore Reef","LTER2_OR_T04",2022,0,0,"Post"
"1103","Por","LTER2","Fore Reef","LTER2_OR_T04",2023,0,0,"Post"
"1104","Por","LTER2","Fore Reef","LTER2_OR_T04",2024,1,1,"Post"
"1105","Por","LTER4","Back Reef","LTER4_BR_T01",2013,91,91,"Pre"
"1106","Por","LTER4","Back Reef","LTER4_BR_T01",2014,31,31,"Pre"
"1107","Por","LTER4","Back Reef","LTER4_BR_T01",2015,6,6,"Pre"
"1108","Por","LTER4","Back Reef","LTER4_BR_T01",2016,10,10,"Pre"
"1109","Por","LTER4","Back Reef","LTER4_BR_T01",2017,NA,NA,"Pre"
"1110","Por","LTER4","Back Reef","LTER4_BR_T01",2018,11,11,"Pre"
"1111","Por","LTER4","Back Reef","LTER4_BR_T01",2019,5,5,"Post"
"1112","Por","LTER4","Back Reef","LTER4_BR_T01",2020,1,1,"Post"
"1113","Por","LTER4","Back Reef","LTER4_BR_T01",2021,2,2,"Post"
"1114","Por","LTER4","Back Reef","LTER4_BR_T01",2022,0,0,"Post"
"1115","Por","LTER4","Back Reef","LTER4_BR_T01",2023,4,4,"Post"
"1116","Por","LTER4","Back Reef","LTER4_BR_T01",2024,0,0,"Post"
"1117","Por","LTER4","Back Reef","LTER4_BR_T02",2013,31,31,"Pre"
"1118","Por","LTER4","Back Reef","LTER4_BR_T02",2014,14,14,"Pre"
"1119","Por","LTER4","Back Reef","LTER4_BR_T02",2015,11,11,"Pre"
"1120","Por","LTER4","Back Reef","LTER4_BR_T02",2016,8,8,"Pre"
"1121","Por","LTER4","Back Reef","LTER4_BR_T02",2017,NA,NA,"Pre"
"1122","Por","LTER4","Back Reef","LTER4_BR_T02",2018,13,13,"Pre"
"1123","Por","LTER4","Back Reef","LTER4_BR_T02",2019,6,6,"Post"
"1124","Por","LTER4","Back Reef","LTER4_BR_T02",2020,0,0,"Post"
"1125","Por","LTER4","Back Reef","LTER4_BR_T02",2021,1,1,"Post"
"1126","Por","LTER4","Back Reef","LTER4_BR_T02",2022,0,0,"Post"
"1127","Por","LTER4","Back Reef","LTER4_BR_T02",2023,0,0,"Post"
"1128","Por","LTER4","Back Reef","LTER4_BR_T02",2024,0,0,"Post"
"1129","Por","LTER4","Back Reef","LTER4_BR_T03",2013,39,39,"Pre"
"1130","Por","LTER4","Back Reef","LTER4_BR_T03",2014,10,10,"Pre"
"1131","Por","LTER4","Back Reef","LTER4_BR_T03",2015,20,20,"Pre"
"1132","Por","LTER4","Back Reef","LTER4_BR_T03",2016,13,13,"Pre"
"1133","Por","LTER4","Back Reef","LTER4_BR_T03",2017,NA,NA,"Pre"
"1134","Por","LTER4","Back Reef","LTER4_BR_T03",2018,14,14,"Pre"
"1135","Por","LTER4","Back Reef","LTER4_BR_T03",2019,12,12,"Post"
"1136","Por","LTER4","Back Reef","LTER4_BR_T03",2020,12,12,"Post"
"1137","Por","LTER4","Back Reef","LTER4_BR_T03",2021,4,4,"Post"
"1138","Por","LTER4","Back Reef","LTER4_BR_T03",2022,6,6,"Post"
"1139","Por","LTER4","Back Reef","LTER4_BR_T03",2023,0,0,"Post"
"1140","Por","LTER4","Back Reef","LTER4_BR_T03",2024,0,0,"Post"
"1141","Por","LTER4","Back Reef","LTER4_BR_T04",2013,12,12,"Pre"
"1142","Por","LTER4","Back Reef","LTER4_BR_T04",2014,7,7,"Pre"
"1143","Por","LTER4","Back Reef","LTER4_BR_T04",2015,11,11,"Pre"
"1144","Por","LTER4","Back Reef","LTER4_BR_T04",2016,6,6,"Pre"
"1145","Por","LTER4","Back Reef","LTER4_BR_T04",2017,NA,NA,"Pre"
"1146","Por","LTER4","Back Reef","LTER4_BR_T04",2018,12,12,"Pre"
"1147","Por","LTER4","Back Reef","LTER4_BR_T04",2019,7,7,"Post"
"1148","Por","LTER4","Back Reef","LTER4_BR_T04",2020,7,7,"Post"
"1149","Por","LTER4","Back Reef","LTER4_BR_T04",2021,2,2,"Post"
"1150","Por","LTER4","Back Reef","LTER4_BR_T04",2022,6,6,"Post"
"1151","Por","LTER4","Back Reef","LTER4_BR_T04",2023,1,1,"Post"
"1152","Por","LTER4","Back Reef","LTER4_BR_T04",2024,1,1,"Post"
"1153","Por","LTER4","Fore Reef","LTER4_OR_T01",2013,6,6,"Pre"
"1154","Por","LTER4","Fore Reef","LTER4_OR_T01",2014,3,3,"Pre"
"1155","Por","LTER4","Fore Reef","LTER4_OR_T01",2015,0,0,"Pre"
"1156","Por","LTER4","Fore Reef","LTER4_OR_T01",2016,1,1,"Pre"
"1157","Por","LTER4","Fore Reef","LTER4_OR_T01",2017,NA,NA,"Pre"
"1158","Por","LTER4","Fore Reef","LTER4_OR_T01",2018,0,0,"Pre"
"1159","Por","LTER4","Fore Reef","LTER4_OR_T01",2019,0,0,"Post"
"1160","Por","LTER4","Fore Reef","LTER4_OR_T01",2020,0,0,"Post"
"1161","Por","LTER4","Fore Reef","LTER4_OR_T01",2021,0,0,"Post"
"1162","Por","LTER4","Fore Reef","LTER4_OR_T01",2022,0,0,"Post"
"1163","Por","LTER4","Fore Reef","LTER4_OR_T01",2023,0,0,"Post"
"1164","Por","LTER4","Fore Reef","LTER4_OR_T01",2024,0,0,"Post"
"1165","Por","LTER4","Fore Reef","LTER4_OR_T02",2013,0,0,"Pre"
"1166","Por","LTER4","Fore Reef","LTER4_OR_T02",2014,0,0,"Pre"
"1167","Por","LTER4","Fore Reef","LTER4_OR_T02",2015,0,0,"Pre"
"1168","Por","LTER4","Fore Reef","LTER4_OR_T02",2016,0,0,"Pre"
"1169","Por","LTER4","Fore Reef","LTER4_OR_T02",2017,NA,NA,"Pre"
"1170","Por","LTER4","Fore Reef","LTER4_OR_T02",2018,0,0,"Pre"
"1171","Por","LTER4","Fore Reef","LTER4_OR_T02",2019,0,0,"Post"
"1172","Por","LTER4","Fore Reef","LTER4_OR_T02",2020,0,0,"Post"
"1173","Por","LTER4","Fore Reef","LTER4_OR_T02",2021,0,0,"Post"
"1174","Por","LTER4","Fore Reef","LTER4_OR_T02",2022,0,0,"Post"
"1175","Por","LTER4","Fore Reef","LTER4_OR_T02",2023,0,0,"Post"
"1176","Por","LTER4","Fore Reef","LTER4_OR_T02",2024,0,0,"Post"
"1177","Por","LTER4","Fore Reef","LTER4_OR_T03",2013,0,0,"Pre"
"1178","Por","LTER4","Fore Reef","LTER4_OR_T03",2014,0,0,"Pre"
"1179","Por","LTER4","Fore Reef","LTER4_OR_T03",2015,0,0,"Pre"
"1180","Por","LTER4","Fore Reef","LTER4_OR_T03",2016,0,0,"Pre"
"1181","Por","LTER4","Fore Reef","LTER4_OR_T03",2017,NA,NA,"Pre"
"1182","Por","LTER4","Fore Reef","LTER4_OR_T03",2018,0,0,"Pre"
"1183","Por","LTER4","Fore Reef","LTER4_OR_T03",2019,1,1,"Post"
"1184","Por","LTER4","Fore Reef","LTER4_OR_T03",2020,2,2,"Post"
"1185","Por","LTER4","Fore Reef","LTER4_OR_T03",2021,1,1,"Post"
"1186","Por","LTER4","Fore Reef","LTER4_OR_T03",2022,0,0,"Post"
"1187","Por","LTER4","Fore Reef","LTER4_OR_T03",2023,0,0,"Post"
"1188","Por","LTER4","Fore Reef","LTER4_OR_T03",2024,0,0,"Post"
"1189","Por","LTER4","Fore Reef","LTER4_OR_T04",2013,3,3,"Pre"
"1190","Por","LTER4","Fore Reef","LTER4_OR_T04",2014,1,1,"Pre"
"1191","Por","LTER4","Fore Reef","LTER4_OR_T04",2015,0,0,"Pre"
"1192","Por","LTER4","Fore Reef","LTER4_OR_T04",2016,1,1,"Pre"
"1193","Por","LTER4","Fore Reef","LTER4_OR_T04",2017,NA,NA,"Pre"
"1194","Por","LTER4","Fore Reef","LTER4_OR_T04",2018,0,0,"Pre"
"1195","Por","LTER4","Fore Reef","LTER4_OR_T04",2019,0,0,"Post"
"1196","Por","LTER4","Fore Reef","LTER4_OR_T04",2020,1,1,"Post"
"1197","Por","LTER4","Fore Reef","LTER4_OR_T04",2021,0,0,"Post"
"1198","Por","LTER4","Fore Reef","LTER4_OR_T04",2022,0,0,"Post"
"1199","Por","LTER4","Fore Reef","LTER4_OR_T04",2023,0,0,"Post"
"1200","Por","LTER4","Fore Reef","LTER4_OR_T04",2024,0,0,"Post"
"1201","Por","LTER5","Back Reef","LTER5_BR_T01",2013,161,161,"Pre"
"1202","Por","LTER5","Back Reef","LTER5_BR_T01",2014,16,16,"Pre"
"1203","Por","LTER5","Back Reef","LTER5_BR_T01",2015,9,9,"Pre"
"1204","Por","LTER5","Back Reef","LTER5_BR_T01",2016,11,11,"Pre"
"1205","Por","LTER5","Back Reef","LTER5_BR_T01",2017,NA,NA,"Pre"
"1206","Por","LTER5","Back Reef","LTER5_BR_T01",2018,16,16,"Pre"
"1207","Por","LTER5","Back Reef","LTER5_BR_T01",2019,1,1,"Post"
"1208","Por","LTER5","Back Reef","LTER5_BR_T01",2020,4,4,"Post"
"1209","Por","LTER5","Back Reef","LTER5_BR_T01",2021,1,1,"Post"
"1210","Por","LTER5","Back Reef","LTER5_BR_T01",2022,1,1,"Post"
"1211","Por","LTER5","Back Reef","LTER5_BR_T01",2023,0,0,"Post"
"1212","Por","LTER5","Back Reef","LTER5_BR_T01",2024,0,0,"Post"
"1213","Por","LTER5","Back Reef","LTER5_BR_T02",2013,32,32,"Pre"
"1214","Por","LTER5","Back Reef","LTER5_BR_T02",2014,9,9,"Pre"
"1215","Por","LTER5","Back Reef","LTER5_BR_T02",2015,14,14,"Pre"
"1216","Por","LTER5","Back Reef","LTER5_BR_T02",2016,19,19,"Pre"
"1217","Por","LTER5","Back Reef","LTER5_BR_T02",2017,NA,NA,"Pre"
"1218","Por","LTER5","Back Reef","LTER5_BR_T02",2018,20,20,"Pre"
"1219","Por","LTER5","Back Reef","LTER5_BR_T02",2019,6,6,"Post"
"1220","Por","LTER5","Back Reef","LTER5_BR_T02",2020,1,1,"Post"
"1221","Por","LTER5","Back Reef","LTER5_BR_T02",2021,0,0,"Post"
"1222","Por","LTER5","Back Reef","LTER5_BR_T02",2022,2,2,"Post"
"1223","Por","LTER5","Back Reef","LTER5_BR_T02",2023,0,0,"Post"
"1224","Por","LTER5","Back Reef","LTER5_BR_T02",2024,1,1,"Post"
"1225","Por","LTER5","Back Reef","LTER5_BR_T03",2013,17,17,"Pre"
"1226","Por","LTER5","Back Reef","LTER5_BR_T03",2014,2,2,"Pre"
"1227","Por","LTER5","Back Reef","LTER5_BR_T03",2015,13,13,"Pre"
"1228","Por","LTER5","Back Reef","LTER5_BR_T03",2016,9,9,"Pre"
"1229","Por","LTER5","Back Reef","LTER5_BR_T03",2017,NA,NA,"Pre"
"1230","Por","LTER5","Back Reef","LTER5_BR_T03",2018,7,7,"Pre"
"1231","Por","LTER5","Back Reef","LTER5_BR_T03",2019,5,5,"Post"
"1232","Por","LTER5","Back Reef","LTER5_BR_T03",2020,2,2,"Post"
"1233","Por","LTER5","Back Reef","LTER5_BR_T03",2021,5,5,"Post"
"1234","Por","LTER5","Back Reef","LTER5_BR_T03",2022,0,0,"Post"
"1235","Por","LTER5","Back Reef","LTER5_BR_T03",2023,2,2,"Post"
"1236","Por","LTER5","Back Reef","LTER5_BR_T03",2024,0,0,"Post"
"1237","Por","LTER5","Back Reef","LTER5_BR_T04",2013,22,22,"Pre"
"1238","Por","LTER5","Back Reef","LTER5_BR_T04",2014,3,3,"Pre"
"1239","Por","LTER5","Back Reef","LTER5_BR_T04",2015,0,0,"Pre"
"1240","Por","LTER5","Back Reef","LTER5_BR_T04",2016,6,6,"Pre"
"1241","Por","LTER5","Back Reef","LTER5_BR_T04",2017,NA,NA,"Pre"
"1242","Por","LTER5","Back Reef","LTER5_BR_T04",2018,2,2,"Pre"
"1243","Por","LTER5","Back Reef","LTER5_BR_T04",2019,1,1,"Post"
"1244","Por","LTER5","Back Reef","LTER5_BR_T04",2020,3,3,"Post"
"1245","Por","LTER5","Back Reef","LTER5_BR_T04",2021,1,1,"Post"
"1246","Por","LTER5","Back Reef","LTER5_BR_T04",2022,3,3,"Post"
"1247","Por","LTER5","Back Reef","LTER5_BR_T04",2023,0,0,"Post"
"1248","Por","LTER5","Back Reef","LTER5_BR_T04",2024,0,0,"Post"
"1249","Por","LTER5","Fore Reef","LTER5_OR_T01",2013,6,6,"Pre"
"1250","Por","LTER5","Fore Reef","LTER5_OR_T01",2014,2,2,"Pre"
"1251","Por","LTER5","Fore Reef","LTER5_OR_T01",2015,4,4,"Pre"
"1252","Por","LTER5","Fore Reef","LTER5_OR_T01",2016,3,3,"Pre"
"1253","Por","LTER5","Fore Reef","LTER5_OR_T01",2017,NA,NA,"Pre"
"1254","Por","LTER5","Fore Reef","LTER5_OR_T01",2018,0,0,"Pre"
"1255","Por","LTER5","Fore Reef","LTER5_OR_T01",2019,0,0,"Post"
"1256","Por","LTER5","Fore Reef","LTER5_OR_T01",2020,0,0,"Post"
"1257","Por","LTER5","Fore Reef","LTER5_OR_T01",2021,2,2,"Post"
"1258","Por","LTER5","Fore Reef","LTER5_OR_T01",2022,3,3,"Post"
"1259","Por","LTER5","Fore Reef","LTER5_OR_T01",2023,1,1,"Post"
"1260","Por","LTER5","Fore Reef","LTER5_OR_T01",2024,0,0,"Post"
"1261","Por","LTER5","Fore Reef","LTER5_OR_T02",2013,2,2,"Pre"
"1262","Por","LTER5","Fore Reef","LTER5_OR_T02",2014,1,1,"Pre"
"1263","Por","LTER5","Fore Reef","LTER5_OR_T02",2015,0,0,"Pre"
"1264","Por","LTER5","Fore Reef","LTER5_OR_T02",2016,2,2,"Pre"
"1265","Por","LTER5","Fore Reef","LTER5_OR_T02",2017,NA,NA,"Pre"
"1266","Por","LTER5","Fore Reef","LTER5_OR_T02",2018,1,1,"Pre"
"1267","Por","LTER5","Fore Reef","LTER5_OR_T02",2019,0,0,"Post"
"1268","Por","LTER5","Fore Reef","LTER5_OR_T02",2020,1,1,"Post"
"1269","Por","LTER5","Fore Reef","LTER5_OR_T02",2021,2,2,"Post"
"1270","Por","LTER5","Fore Reef","LTER5_OR_T02",2022,0,0,"Post"
"1271","Por","LTER5","Fore Reef","LTER5_OR_T02",2023,0,0,"Post"
"1272","Por","LTER5","Fore Reef","LTER5_OR_T02",2024,0,0,"Post"
"1273","Por","LTER5","Fore Reef","LTER5_OR_T03",2013,13,13,"Pre"
"1274","Por","LTER5","Fore Reef","LTER5_OR_T03",2014,1,1,"Pre"
"1275","Por","LTER5","Fore Reef","LTER5_OR_T03",2015,1,1,"Pre"
"1276","Por","LTER5","Fore Reef","LTER5_OR_T03",2016,3,3,"Pre"
"1277","Por","LTER5","Fore Reef","LTER5_OR_T03",2017,NA,NA,"Pre"
"1278","Por","LTER5","Fore Reef","LTER5_OR_T03",2018,1,1,"Pre"
"1279","Por","LTER5","Fore Reef","LTER5_OR_T03",2019,0,0,"Post"
"1280","Por","LTER5","Fore Reef","LTER5_OR_T03",2020,4,4,"Post"
"1281","Por","LTER5","Fore Reef","LTER5_OR_T03",2021,3,3,"Post"
"1282","Por","LTER5","Fore Reef","LTER5_OR_T03",2022,0,0,"Post"
"1283","Por","LTER5","Fore Reef","LTER5_OR_T03",2023,0,0,"Post"
"1284","Por","LTER5","Fore Reef","LTER5_OR_T03",2024,2,2,"Post"
"1285","Por","LTER5","Fore Reef","LTER5_OR_T04",2013,0,0,"Pre"
"1286","Por","LTER5","Fore Reef","LTER5_OR_T04",2014,0,0,"Pre"
"1287","Por","LTER5","Fore Reef","LTER5_OR_T04",2015,0,0,"Pre"
"1288","Por","LTER5","Fore Reef","LTER5_OR_T04",2016,0,0,"Pre"
"1289","Por","LTER5","Fore Reef","LTER5_OR_T04",2017,NA,NA,"Pre"
"1290","Por","LTER5","Fore Reef","LTER5_OR_T04",2018,0,0,"Pre"
"1291","Por","LTER5","Fore Reef","LTER5_OR_T04",2019,0,0,"Post"
"1292","Por","LTER5","Fore Reef","LTER5_OR_T04",2020,4,4,"Post"
"1293","Por","LTER5","Fore Reef","LTER5_OR_T04",2021,3,3,"Post"
"1294","Por","LTER5","Fore Reef","LTER5_OR_T04",2022,3,3,"Post"
"1295","Por","LTER5","Fore Reef","LTER5_OR_T04",2023,0,0,"Post"
"1296","Por","LTER5","Fore Reef","LTER5_OR_T04",2024,2,2,"Post"
